file,line,type,commit,author,date,time,timezone,datetime,depth,length
style.css,1,css,6876593e,Zoey He,2025-01-17,17:23:28,-08:00,2025-01-17T17:23:28-08:00,0,5
style.css,2,css,44385ada,Zoey He,2025-01-24,20:50:04,-08:00,2025-01-24T20:50:04-08:00,1,23
style.css,3,css,6876593e,Zoey He,2025-01-17,17:23:28,-08:00,2025-01-17T17:23:28-08:00,1,41
style.css,4,css,6876593e,Zoey He,2025-01-17,17:23:28,-08:00,2025-01-17T17:23:28-08:00,0,0
style.css,5,css,6876593e,Zoey He,2025-01-17,17:23:28,-08:00,2025-01-17T17:23:28-08:00,0,0
style.css,6,css,f34f0c95,Zoey He,2025-01-10,21:03:53,-08:00,2025-01-10T21:03:53-08:00,0,4
style.css,7,css,44385ada,Zoey He,2025-01-24,20:50:04,-08:00,2025-01-24T20:50:04-08:00,1,23
style.css,8,css,44385ada,Zoey He,2025-01-24,20:50:04,-08:00,2025-01-24T20:50:04-08:00,1,16
style.css,9,css,44385ada,Zoey He,2025-01-24,20:50:04,-08:00,2025-01-24T20:50:04-08:00,0,0
style.css,10,css,6876593e,Zoey He,2025-01-17,17:23:28,-08:00,2025-01-17T17:23:28-08:00,1,23
style.css,11,css,6876593e,Zoey He,2025-01-17,17:23:28,-08:00,2025-01-17T17:23:28-08:00,1,15
style.css,12,css,6876593e,Zoey He,2025-01-17,17:23:28,-08:00,2025-01-17T17:23:28-08:00,1,18
style.css,13,css,6876593e,Zoey He,2025-01-17,17:23:28,-08:00,2025-01-17T17:23:28-08:00,1,12
style.css,14,css,6876593e,Zoey He,2025-01-17,17:23:28,-08:00,2025-01-17T17:23:28-08:00,0,0
style.css,15,css,6876593e,Zoey He,2025-01-17,17:23:28,-08:00,2025-01-17T17:23:28-08:00,0,0
style.css,16,css,6876593e,Zoey He,2025-01-17,17:23:28,-08:00,2025-01-17T17:23:28-08:00,0,3
style.css,17,css,6876593e,Zoey He,2025-01-17,17:23:28,-08:00,2025-01-17T17:23:28-08:00,1,14
style.css,18,css,6876593e,Zoey He,2025-01-17,17:23:28,-08:00,2025-01-17T17:23:28-08:00,1,11
style.css,19,css,6876593e,Zoey He,2025-01-17,17:23:28,-08:00,2025-01-17T17:23:28-08:00,1,11
style.css,20,css,6876593e,Zoey He,2025-01-17,17:23:28,-08:00,2025-01-17T17:23:28-08:00,1,13
style.css,21,css,6876593e,Zoey He,2025-01-17,17:23:28,-08:00,2025-01-17T17:23:28-08:00,0,0
style.css,22,css,6876593e,Zoey He,2025-01-17,17:23:28,-08:00,2025-01-17T17:23:28-08:00,0,0
style.css,23,css,6876593e,Zoey He,2025-01-17,17:23:28,-08:00,2025-01-17T17:23:28-08:00,0,18
style.css,24,css,6876593e,Zoey He,2025-01-17,17:23:28,-08:00,2025-01-17T17:23:28-08:00,0,3
style.css,25,css,44385ada,Zoey He,2025-01-24,20:50:04,-08:00,2025-01-24T20:50:04-08:00,1,39
style.css,26,css,6876593e,Zoey He,2025-01-17,17:23:28,-08:00,2025-01-17T17:23:28-08:00,1,12
style.css,27,css,6876593e,Zoey He,2025-01-17,17:23:28,-08:00,2025-01-17T17:23:28-08:00,1,18
style.css,28,css,44385ada,Zoey He,2025-01-24,20:50:04,-08:00,2025-01-24T20:50:04-08:00,1,43
style.css,29,css,6876593e,Zoey He,2025-01-17,17:23:28,-08:00,2025-01-17T17:23:28-08:00,0,0
style.css,30,css,6876593e,Zoey He,2025-01-17,17:23:28,-08:00,2025-01-17T17:23:28-08:00,0,0
style.css,31,css,6876593e,Zoey He,2025-01-17,17:23:28,-08:00,2025-01-17T17:23:28-08:00,0,19
style.css,32,css,6876593e,Zoey He,2025-01-17,17:23:28,-08:00,2025-01-17T17:23:28-08:00,0,5
style.css,33,css,6876593e,Zoey He,2025-01-17,17:23:28,-08:00,2025-01-17T17:23:28-08:00,1,6
style.css,34,css,6876593e,Zoey He,2025-01-17,17:23:28,-08:00,2025-01-17T17:23:28-08:00,1,20
style.css,35,css,6876593e,Zoey He,2025-01-17,17:23:28,-08:00,2025-01-17T17:23:28-08:00,1,13
style.css,36,css,6876593e,Zoey He,2025-01-17,17:23:28,-08:00,2025-01-17T17:23:28-08:00,1,17
style.css,37,css,6876593e,Zoey He,2025-01-17,17:23:28,-08:00,2025-01-17T17:23:28-08:00,1,13
style.css,38,css,6876593e,Zoey He,2025-01-17,17:23:28,-08:00,2025-01-17T17:23:28-08:00,1,52
style.css,39,css,6876593e,Zoey He,2025-01-17,17:23:28,-08:00,2025-01-17T17:23:28-08:00,0,0
style.css,40,css,6876593e,Zoey He,2025-01-17,17:23:28,-08:00,2025-01-17T17:23:28-08:00,0,0
style.css,41,css,6876593e,Zoey He,2025-01-17,17:23:28,-08:00,2025-01-17T17:23:28-08:00,0,16
style.css,42,css,6876593e,Zoey He,2025-01-17,17:23:28,-08:00,2025-01-17T17:23:28-08:00,0,11
style.css,43,css,3d9c9abd,Zoey He,2025-01-17,21:03:05,-08:00,2025-01-17T21:03:05-08:00,1,43
style.css,44,css,44385ada,Zoey He,2025-01-24,20:50:04,-08:00,2025-01-24T20:50:04-08:00,1,69
style.css,45,css,6876593e,Zoey He,2025-01-17,17:23:28,-08:00,2025-01-17T17:23:28-08:00,1,17
style.css,46,css,6876593e,Zoey He,2025-01-17,17:23:28,-08:00,2025-01-17T17:23:28-08:00,0,0
style.css,47,css,6876593e,Zoey He,2025-01-17,17:23:28,-08:00,2025-01-17T17:23:28-08:00,0,0
style.css,48,css,6876593e,Zoey He,2025-01-17,17:23:28,-08:00,2025-01-17T17:23:28-08:00,0,16
style.css,49,css,6876593e,Zoey He,2025-01-17,17:23:28,-08:00,2025-01-17T17:23:28-08:00,0,13
style.css,50,css,6876593e,Zoey He,2025-01-17,17:23:28,-08:00,2025-01-17T17:23:28-08:00,1,16
style.css,51,css,6876593e,Zoey He,2025-01-17,17:23:28,-08:00,2025-01-17T17:23:28-08:00,1,43
style.css,52,css,6876593e,Zoey He,2025-01-17,17:23:28,-08:00,2025-01-17T17:23:28-08:00,1,20
style.css,53,css,6876593e,Zoey He,2025-01-17,17:23:28,-08:00,2025-01-17T17:23:28-08:00,0,0
style.css,54,css,6876593e,Zoey He,2025-01-17,17:23:28,-08:00,2025-01-17T17:23:28-08:00,0,0
style.css,55,css,6876593e,Zoey He,2025-01-17,17:23:28,-08:00,2025-01-17T17:23:28-08:00,0,4
style.css,56,css,6876593e,Zoey He,2025-01-17,17:23:28,-08:00,2025-01-17T17:23:28-08:00,1,12
style.css,57,css,6876593e,Zoey He,2025-01-17,17:23:28,-08:00,2025-01-17T17:23:28-08:00,1,30
style.css,58,css,6876593e,Zoey He,2025-01-17,17:23:28,-08:00,2025-01-17T17:23:28-08:00,1,7
style.css,59,css,6876593e,Zoey He,2025-01-17,17:23:28,-08:00,2025-01-17T17:23:28-08:00,0,0
style.css,60,css,6876593e,Zoey He,2025-01-17,17:23:28,-08:00,2025-01-17T17:23:28-08:00,0,0
style.css,61,css,6876593e,Zoey He,2025-01-17,17:23:28,-08:00,2025-01-17T17:23:28-08:00,0,5
style.css,62,css,6876593e,Zoey He,2025-01-17,17:23:28,-08:00,2025-01-17T17:23:28-08:00,1,12
style.css,63,css,6876593e,Zoey He,2025-01-17,17:23:28,-08:00,2025-01-17T17:23:28-08:00,1,29
style.css,64,css,6876593e,Zoey He,2025-01-17,17:23:28,-08:00,2025-01-17T17:23:28-08:00,1,18
style.css,65,css,6876593e,Zoey He,2025-01-17,17:23:28,-08:00,2025-01-17T17:23:28-08:00,0,0
style.css,66,css,6876593e,Zoey He,2025-01-17,17:23:28,-08:00,2025-01-17T17:23:28-08:00,0,0
style.css,67,css,6876593e,Zoey He,2025-01-17,17:23:28,-08:00,2025-01-17T17:23:28-08:00,0,6
style.css,68,css,6876593e,Zoey He,2025-01-17,17:23:28,-08:00,2025-01-17T17:23:28-08:00,1,18
style.css,69,css,6876593e,Zoey He,2025-01-17,17:23:28,-08:00,2025-01-17T17:23:28-08:00,0,0
style.css,70,css,6876593e,Zoey He,2025-01-17,17:23:28,-08:00,2025-01-17T17:23:28-08:00,0,0
style.css,71,css,6876593e,Zoey He,2025-01-17,17:23:28,-08:00,2025-01-17T17:23:28-08:00,0,0
style.css,72,css,6876593e,Zoey He,2025-01-17,17:23:28,-08:00,2025-01-17T17:23:28-08:00,0,9
style.css,73,css,6876593e,Zoey He,2025-01-17,17:23:28,-08:00,2025-01-17T17:23:28-08:00,1,12
style.css,74,css,6876593e,Zoey He,2025-01-17,17:23:28,-08:00,2025-01-17T17:23:28-08:00,1,58
style.css,75,css,6876593e,Zoey He,2025-01-17,17:23:28,-08:00,2025-01-17T17:23:28-08:00,1,7
style.css,76,css,6876593e,Zoey He,2025-01-17,17:23:28,-08:00,2025-01-17T17:23:28-08:00,0,0
style.css,77,css,6876593e,Zoey He,2025-01-17,17:23:28,-08:00,2025-01-17T17:23:28-08:00,0,0
style.css,78,css,6876593e,Zoey He,2025-01-17,17:23:28,-08:00,2025-01-17T17:23:28-08:00,0,17
style.css,79,css,6876593e,Zoey He,2025-01-17,17:23:28,-08:00,2025-01-17T17:23:28-08:00,1,12
style.css,80,css,6876593e,Zoey He,2025-01-17,17:23:28,-08:00,2025-01-17T17:23:28-08:00,1,26
style.css,81,css,6876593e,Zoey He,2025-01-17,17:23:28,-08:00,2025-01-17T17:23:28-08:00,1,15
style.css,82,css,6876593e,Zoey He,2025-01-17,17:23:28,-08:00,2025-01-17T17:23:28-08:00,0,0
style.css,83,css,6876593e,Zoey He,2025-01-17,17:23:28,-08:00,2025-01-17T17:23:28-08:00,0,0
style.css,84,css,6876593e,Zoey He,2025-01-17,17:23:28,-08:00,2025-01-17T17:23:28-08:00,0,12
style.css,85,css,6876593e,Zoey He,2025-01-17,17:23:28,-08:00,2025-01-17T17:23:28-08:00,1,8
style.css,86,css,6876593e,Zoey He,2025-01-17,17:23:28,-08:00,2025-01-17T17:23:28-08:00,0,0
style.css,87,css,6876593e,Zoey He,2025-01-17,17:23:28,-08:00,2025-01-17T17:23:28-08:00,0,0
style.css,88,css,6876593e,Zoey He,2025-01-17,17:23:28,-08:00,2025-01-17T17:23:28-08:00,0,22
style.css,89,css,6876593e,Zoey He,2025-01-17,17:23:28,-08:00,2025-01-17T17:23:28-08:00,1,15
style.css,90,css,6876593e,Zoey He,2025-01-17,17:23:28,-08:00,2025-01-17T17:23:28-08:00,1,17
style.css,91,css,6876593e,Zoey He,2025-01-17,17:23:28,-08:00,2025-01-17T17:23:28-08:00,0,0
style.css,92,css,1e4add4e,Zoey He,2025-01-17,20:50:11,-08:00,2025-01-17T20:50:11-08:00,0,0
style.css,93,css,1e4add4e,Zoey He,2025-01-17,20:50:11,-08:00,2025-01-17T20:50:11-08:00,0,22
style.css,94,css,1e4add4e,Zoey He,2025-01-17,20:50:11,-08:00,2025-01-17T20:50:11-08:00,0,7
style.css,95,css,1e4add4e,Zoey He,2025-01-17,20:50:11,-08:00,2025-01-17T20:50:11-08:00,1,12
style.css,96,css,1e4add4e,Zoey He,2025-01-17,20:50:11,-08:00,2025-01-17T20:50:11-08:00,1,9
style.css,97,css,1e4add4e,Zoey He,2025-01-17,20:50:11,-08:00,2025-01-17T20:50:11-08:00,1,11
style.css,98,css,1e4add4e,Zoey He,2025-01-17,20:50:11,-08:00,2025-01-17T20:50:11-08:00,0,0
style.css,99,css,1e4add4e,Zoey He,2025-01-17,20:50:11,-08:00,2025-01-17T20:50:11-08:00,0,0
style.css,100,css,1e4add4e,Zoey He,2025-01-17,20:50:11,-08:00,2025-01-17T20:50:11-08:00,0,15
style.css,101,css,1e4add4e,Zoey He,2025-01-17,20:50:11,-08:00,2025-01-17T20:50:11-08:00,1,13
style.css,102,css,1e4add4e,Zoey He,2025-01-17,20:50:11,-08:00,2025-01-17T20:50:11-08:00,1,21
style.css,103,css,1e4add4e,Zoey He,2025-01-17,20:50:11,-08:00,2025-01-17T20:50:11-08:00,1,17
style.css,104,css,1e4add4e,Zoey He,2025-01-17,20:50:11,-08:00,2025-01-17T20:50:11-08:00,0,0
style.css,105,css,1e4add4e,Zoey He,2025-01-17,20:50:11,-08:00,2025-01-17T20:50:11-08:00,0,0
style.css,106,css,1e4add4e,Zoey He,2025-01-17,20:50:11,-08:00,2025-01-17T20:50:11-08:00,0,10
style.css,107,css,1e4add4e,Zoey He,2025-01-17,20:50:11,-08:00,2025-01-17T20:50:11-08:00,1,36
style.css,108,css,1e4add4e,Zoey He,2025-01-17,20:50:11,-08:00,2025-01-17T20:50:11-08:00,1,13
style.css,109,css,deceac86,Zoey He,2025-01-17,20:55:56,-08:00,2025-01-17T20:55:56-08:00,1,12
style.css,110,css,1e4add4e,Zoey He,2025-01-17,20:50:11,-08:00,2025-01-17T20:50:11-08:00,1,17
style.css,111,css,1e4add4e,Zoey He,2025-01-17,20:50:11,-08:00,2025-01-17T20:50:11-08:00,1,17
style.css,112,css,1e4add4e,Zoey He,2025-01-17,20:50:11,-08:00,2025-01-17T20:50:11-08:00,1,39
style.css,113,css,1e4add4e,Zoey He,2025-01-17,20:50:11,-08:00,2025-01-17T20:50:11-08:00,1,18
style.css,114,css,1e4add4e,Zoey He,2025-01-17,20:50:11,-08:00,2025-01-17T20:50:11-08:00,0,0
style.css,115,css,1e4add4e,Zoey He,2025-01-17,20:50:11,-08:00,2025-01-17T20:50:11-08:00,0,0
style.css,116,css,1e4add4e,Zoey He,2025-01-17,20:50:11,-08:00,2025-01-17T20:50:11-08:00,0,0
style.css,117,css,1e4add4e,Zoey He,2025-01-17,20:50:11,-08:00,2025-01-17T20:50:11-08:00,0,10
style.css,118,css,1e4add4e,Zoey He,2025-01-17,20:50:11,-08:00,2025-01-17T20:50:11-08:00,1,18
style.css,119,css,1e4add4e,Zoey He,2025-01-17,20:50:11,-08:00,2025-01-17T20:50:11-08:00,0,0
style.css,120,css,1e4add4e,Zoey He,2025-01-17,20:50:11,-08:00,2025-01-17T20:50:11-08:00,0,0
style.css,121,css,1e4add4e,Zoey He,2025-01-17,20:50:11,-08:00,2025-01-17T20:50:11-08:00,0,13
style.css,122,css,1e4add4e,Zoey He,2025-01-17,20:50:11,-08:00,2025-01-17T20:50:11-08:00,1,19
style.css,123,css,1e4add4e,Zoey He,2025-01-17,20:50:11,-08:00,2025-01-17T20:50:11-08:00,0,0
style.css,124,css,1e4add4e,Zoey He,2025-01-17,20:50:11,-08:00,2025-01-17T20:50:11-08:00,0,0
style.css,125,css,44385ada,Zoey He,2025-01-24,20:50:04,-08:00,2025-01-24T20:50:04-08:00,0,13
style.css,126,css,44385ada,Zoey He,2025-01-24,20:50:04,-08:00,2025-01-24T20:50:04-08:00,1,17
style.css,127,css,44385ada,Zoey He,2025-01-24,20:50:04,-08:00,2025-01-24T20:50:04-08:00,1,8
style.css,128,css,44385ada,Zoey He,2025-01-24,20:50:04,-08:00,2025-01-24T20:50:04-08:00,1,10
style.css,129,css,44385ada,Zoey He,2025-01-24,20:50:04,-08:00,2025-01-24T20:50:04-08:00,1,13
style.css,130,css,44385ada,Zoey He,2025-01-24,20:50:04,-08:00,2025-01-24T20:50:04-08:00,1,19
style.css,131,css,44385ada,Zoey He,2025-01-24,20:50:04,-08:00,2025-01-24T20:50:04-08:00,0,0
style.css,132,css,e333a727,Zoey He,2025-02-01,19:45:09,-08:00,2025-02-01T19:45:09-08:00,0,0
style.css,133,css,e333a727,Zoey He,2025-02-01,19:45:09,-08:00,2025-02-01T19:45:09-08:00,0,36
style.css,134,css,e333a727,Zoey He,2025-02-01,19:45:09,-08:00,2025-02-01T19:45:09-08:00,0,14
style.css,135,css,e333a727,Zoey He,2025-02-01,19:45:09,-08:00,2025-02-01T19:45:09-08:00,1,15
style.css,136,css,e333a727,Zoey He,2025-02-01,19:45:09,-08:00,2025-02-01T19:45:09-08:00,1,16
style.css,137,css,e333a727,Zoey He,2025-02-01,19:45:09,-08:00,2025-02-01T19:45:09-08:00,1,17
style.css,138,css,e333a727,Zoey He,2025-02-01,19:45:09,-08:00,2025-02-01T19:45:09-08:00,0,0
style.css,139,css,e333a727,Zoey He,2025-02-01,19:45:09,-08:00,2025-02-01T19:45:09-08:00,0,0
style.css,140,css,e333a727,Zoey He,2025-02-01,19:45:09,-08:00,2025-02-01T19:45:09-08:00,0,17
style.css,141,css,e333a727,Zoey He,2025-02-01,19:45:09,-08:00,2025-02-01T19:45:09-08:00,1,16
style.css,142,css,e333a727,Zoey He,2025-02-01,19:45:09,-08:00,2025-02-01T19:45:09-08:00,1,18
style.css,143,css,e333a727,Zoey He,2025-02-01,19:45:09,-08:00,2025-02-01T19:45:09-08:00,0,0
style.css,144,css,e333a727,Zoey He,2025-02-01,19:45:09,-08:00,2025-02-01T19:45:09-08:00,0,0
style.css,145,css,e333a727,Zoey He,2025-02-01,19:45:09,-08:00,2025-02-01T19:45:09-08:00,0,17
style.css,146,css,e333a727,Zoey He,2025-02-01,19:45:09,-08:00,2025-02-01T19:45:09-08:00,1,12
style.css,147,css,e333a727,Zoey He,2025-02-01,19:45:09,-08:00,2025-02-01T19:45:09-08:00,1,58
style.css,148,css,e333a727,Zoey He,2025-02-01,19:45:09,-08:00,2025-02-01T19:45:09-08:00,1,8
style.css,149,css,e333a727,Zoey He,2025-02-01,19:45:09,-08:00,2025-02-01T19:45:09-08:00,1,17
style.css,150,css,e333a727,Zoey He,2025-02-01,19:45:09,-08:00,2025-02-01T19:45:09-08:00,0,0
style.css,151,css,e333a727,Zoey He,2025-02-01,19:45:09,-08:00,2025-02-01T19:45:09-08:00,0,0
style.css,152,css,e333a727,Zoey He,2025-02-01,19:45:09,-08:00,2025-02-01T19:45:09-08:00,0,17
style.css,153,css,e333a727,Zoey He,2025-02-01,19:45:09,-08:00,2025-02-01T19:45:09-08:00,1,36
style.css,154,css,e333a727,Zoey He,2025-02-01,19:45:09,-08:00,2025-02-01T19:45:09-08:00,1,24
style.css,155,css,e333a727,Zoey He,2025-02-01,19:45:09,-08:00,2025-02-01T19:45:09-08:00,1,15
style.css,156,css,e333a727,Zoey He,2025-02-01,19:45:09,-08:00,2025-02-01T19:45:09-08:00,1,44
style.css,157,css,e333a727,Zoey He,2025-02-01,19:45:09,-08:00,2025-02-01T19:45:09-08:00,0,0
style.css,158,css,e333a727,Zoey He,2025-02-01,19:45:09,-08:00,2025-02-01T19:45:09-08:00,0,0
style.css,159,css,e333a727,Zoey He,2025-02-01,19:45:09,-08:00,2025-02-01T19:45:09-08:00,0,17
style.css,160,css,e333a727,Zoey He,2025-02-01,19:45:09,-08:00,2025-02-01T19:45:09-08:00,1,32
style.css,161,css,e333a727,Zoey He,2025-02-01,19:45:09,-08:00,2025-02-01T19:45:09-08:00,1,15
style.css,162,css,e333a727,Zoey He,2025-02-01,19:45:09,-08:00,2025-02-01T19:45:09-08:00,1,36
style.css,163,css,e333a727,Zoey He,2025-02-01,19:45:09,-08:00,2025-02-01T19:45:09-08:00,1,45
style.css,164,css,e333a727,Zoey He,2025-02-01,19:45:09,-08:00,2025-02-01T19:45:09-08:00,1,8
style.css,165,css,e333a727,Zoey He,2025-02-01,19:45:09,-08:00,2025-02-01T19:45:09-08:00,0,0
style.css,166,css,dfe081c6,Zoey He,2025-02-07,21:51:25,-08:00,2025-02-07T21:51:25-08:00,0,0
style.css,167,css,dfe081c6,Zoey He,2025-02-07,21:51:25,-08:00,2025-02-07T21:51:25-08:00,0,16
style.css,168,css,dfe081c6,Zoey He,2025-02-07,21:51:25,-08:00,2025-02-07T21:51:25-08:00,1,12
style.css,169,css,dfe081c6,Zoey He,2025-02-07,21:51:25,-08:00,2025-02-07T21:51:25-08:00,1,66
style.css,170,css,dfe081c6,Zoey He,2025-02-07,21:51:25,-08:00,2025-02-07T21:51:25-08:00,0,0
style.css,171,css,dfe081c6,Zoey He,2025-02-07,21:51:25,-08:00,2025-02-07T21:51:25-08:00,0,0
style.css,172,css,dfe081c6,Zoey He,2025-02-07,21:51:25,-08:00,2025-02-07T21:51:25-08:00,0,13
style.css,173,css,dfe081c6,Zoey He,2025-02-07,21:51:25,-08:00,2025-02-07T21:51:25-08:00,1,30
style.css,174,css,dfe081c6,Zoey He,2025-02-07,21:51:25,-08:00,2025-02-07T21:51:25-08:00,1,34
style.css,175,css,dfe081c6,Zoey He,2025-02-07,21:51:25,-08:00,2025-02-07T21:51:25-08:00,1,10
style.css,176,css,dfe081c6,Zoey He,2025-02-07,21:51:25,-08:00,2025-02-07T21:51:25-08:00,1,17
style.css,177,css,dfe081c6,Zoey He,2025-02-07,21:51:25,-08:00,2025-02-07T21:51:25-08:00,0,0
style.css,178,css,dfe081c6,Zoey He,2025-02-07,21:51:25,-08:00,2025-02-07T21:51:25-08:00,0,0
style.css,179,css,dfe081c6,Zoey He,2025-02-07,21:51:25,-08:00,2025-02-07T21:51:25-08:00,0,14
style.css,180,css,dfe081c6,Zoey He,2025-02-07,21:51:25,-08:00,2025-02-07T21:51:25-08:00,1,14
style.css,181,css,dfe081c6,Zoey He,2025-02-07,21:51:25,-08:00,2025-02-07T21:51:25-08:00,1,16
style.css,182,css,dfe081c6,Zoey He,2025-02-07,21:51:25,-08:00,2025-02-07T21:51:25-08:00,1,16
style.css,183,css,dfe081c6,Zoey He,2025-02-07,21:51:25,-08:00,2025-02-07T21:51:25-08:00,0,0
style.css,184,css,dfe081c6,Zoey He,2025-02-07,21:51:25,-08:00,2025-02-07T21:51:25-08:00,0,0
style.css,185,css,dfe081c6,Zoey He,2025-02-07,21:51:25,-08:00,2025-02-07T21:51:25-08:00,0,30
style.css,186,css,dfe081c6,Zoey He,2025-02-07,21:51:25,-08:00,2025-02-07T21:51:25-08:00,0,7
style.css,187,css,dfe081c6,Zoey He,2025-02-07,21:51:25,-08:00,2025-02-07T21:51:25-08:00,1,12
style.css,188,css,dfe081c6,Zoey He,2025-02-07,21:51:25,-08:00,2025-02-07T21:51:25-08:00,1,81
style.css,189,css,dfe081c6,Zoey He,2025-02-07,21:51:25,-08:00,2025-02-07T21:51:25-08:00,1,7
style.css,190,css,dfe081c6,Zoey He,2025-02-07,21:51:25,-08:00,2025-02-07T21:51:25-08:00,1,21
style.css,191,css,dfe081c6,Zoey He,2025-02-07,21:51:25,-08:00,2025-02-07T21:51:25-08:00,1,11
style.css,192,css,dfe081c6,Zoey He,2025-02-07,21:51:25,-08:00,2025-02-07T21:51:25-08:00,1,14
style.css,193,css,dfe081c6,Zoey He,2025-02-07,21:51:25,-08:00,2025-02-07T21:51:25-08:00,1,17
style.css,194,css,dfe081c6,Zoey He,2025-02-07,21:51:25,-08:00,2025-02-07T21:51:25-08:00,1,24
style.css,195,css,dfe081c6,Zoey He,2025-02-07,21:51:25,-08:00,2025-02-07T21:51:25-08:00,0,0
style.css,196,css,dfe081c6,Zoey He,2025-02-07,21:51:25,-08:00,2025-02-07T21:51:25-08:00,0,0
style.css,197,css,dfe081c6,Zoey He,2025-02-07,21:51:25,-08:00,2025-02-07T21:51:25-08:00,0,26
style.css,198,css,dfe081c6,Zoey He,2025-02-07,21:51:25,-08:00,2025-02-07T21:51:25-08:00,0,10
style.css,199,css,dfe081c6,Zoey He,2025-02-07,21:51:25,-08:00,2025-02-07T21:51:25-08:00,1,12
style.css,200,css,dfe081c6,Zoey He,2025-02-07,21:51:25,-08:00,2025-02-07T21:51:25-08:00,1,18
style.css,201,css,dfe081c6,Zoey He,2025-02-07,21:51:25,-08:00,2025-02-07T21:51:25-08:00,1,9
style.css,202,css,dfe081c6,Zoey He,2025-02-07,21:51:25,-08:00,2025-02-07T21:51:25-08:00,1,15
style.css,203,css,dfe081c6,Zoey He,2025-02-07,21:51:25,-08:00,2025-02-07T21:51:25-08:00,0,0
style.css,204,css,dfe081c6,Zoey He,2025-02-07,21:51:25,-08:00,2025-02-07T21:51:25-08:00,0,0
style.css,205,css,dfe081c6,Zoey He,2025-02-07,21:51:25,-08:00,2025-02-07T21:51:25-08:00,0,38
style.css,206,css,dfe081c6,Zoey He,2025-02-07,21:51:25,-08:00,2025-02-07T21:51:25-08:00,0,15
style.css,207,css,dfe081c6,Zoey He,2025-02-07,21:51:25,-08:00,2025-02-07T21:51:25-08:00,1,20
style.css,208,css,dfe081c6,Zoey He,2025-02-07,21:51:25,-08:00,2025-02-07T21:51:25-08:00,1,9
style.css,209,css,dfe081c6,Zoey He,2025-02-07,21:51:25,-08:00,2025-02-07T21:51:25-08:00,1,10
style.css,210,css,dfe081c6,Zoey He,2025-02-07,21:51:25,-08:00,2025-02-07T21:51:25-08:00,1,18
style.css,211,css,dfe081c6,Zoey He,2025-02-07,21:51:25,-08:00,2025-02-07T21:51:25-08:00,1,65
style.css,212,css,dfe081c6,Zoey He,2025-02-07,21:51:25,-08:00,2025-02-07T21:51:25-08:00,1,17
style.css,213,css,dfe081c6,Zoey He,2025-02-07,21:51:25,-08:00,2025-02-07T21:51:25-08:00,0,0
style.css,214,css,dfe081c6,Zoey He,2025-02-07,21:51:25,-08:00,2025-02-07T21:51:25-08:00,0,0
style.css,215,css,dfe081c6,Zoey He,2025-02-07,21:51:25,-08:00,2025-02-07T21:51:25-08:00,0,16
style.css,216,css,dfe081c6,Zoey He,2025-02-07,21:51:25,-08:00,2025-02-07T21:51:25-08:00,1,12
style.css,217,css,dfe081c6,Zoey He,2025-02-07,21:51:25,-08:00,2025-02-07T21:51:25-08:00,1,51
style.css,218,css,dfe081c6,Zoey He,2025-02-07,21:51:25,-08:00,2025-02-07T21:51:25-08:00,1,44
style.css,219,css,dfe081c6,Zoey He,2025-02-07,21:51:25,-08:00,2025-02-07T21:51:25-08:00,1,14
style.css,220,css,dfe081c6,Zoey He,2025-02-07,21:51:25,-08:00,2025-02-07T21:51:25-08:00,1,15
style.css,221,css,dfe081c6,Zoey He,2025-02-07,21:51:25,-08:00,2025-02-07T21:51:25-08:00,0,0
style.css,222,css,dfe081c6,Zoey He,2025-02-07,21:51:25,-08:00,2025-02-07T21:51:25-08:00,0,0
style.css,223,css,dfe081c6,Zoey He,2025-02-07,21:51:25,-08:00,2025-02-07T21:51:25-08:00,0,49
style.css,224,css,dfe081c6,Zoey He,2025-02-07,21:51:25,-08:00,2025-02-07T21:51:25-08:00,0,7
style.css,225,css,dfe081c6,Zoey He,2025-02-07,21:51:25,-08:00,2025-02-07T21:51:25-08:00,1,6
style.css,226,css,dfe081c6,Zoey He,2025-02-07,21:51:25,-08:00,2025-02-07T21:51:25-08:00,0,0
style.css,227,css,dfe081c6,Zoey He,2025-02-07,21:51:25,-08:00,2025-02-07T21:51:25-08:00,0,0
style.css,228,css,dfe081c6,Zoey He,2025-02-07,21:51:25,-08:00,2025-02-07T21:51:25-08:00,0,30
style.css,229,css,dfe081c6,Zoey He,2025-02-07,21:51:25,-08:00,2025-02-07T21:51:25-08:00,0,10
style.css,230,css,dfe081c6,Zoey He,2025-02-07,21:51:25,-08:00,2025-02-07T21:51:25-08:00,1,10
style.css,231,css,dfe081c6,Zoey He,2025-02-07,21:51:25,-08:00,2025-02-07T21:51:25-08:00,1,12
style.css,232,css,dfe081c6,Zoey He,2025-02-07,21:51:25,-08:00,2025-02-07T21:51:25-08:00,1,13
style.css,233,css,dfe081c6,Zoey He,2025-02-07,21:51:25,-08:00,2025-02-07T21:51:25-08:00,1,18
style.css,234,css,dfe081c6,Zoey He,2025-02-07,21:51:25,-08:00,2025-02-07T21:51:25-08:00,1,21
style.css,235,css,dfe081c6,Zoey He,2025-02-07,21:51:25,-08:00,2025-02-07T21:51:25-08:00,1,17
style.css,236,css,dfe081c6,Zoey He,2025-02-07,21:51:25,-08:00,2025-02-07T21:51:25-08:00,0,0
style.css,237,css,dfe081c6,Zoey He,2025-02-07,21:51:25,-08:00,2025-02-07T21:51:25-08:00,0,0
style.css,238,css,dfe081c6,Zoey He,2025-02-07,21:51:25,-08:00,2025-02-07T21:51:25-08:00,0,39
style.css,239,css,dfe081c6,Zoey He,2025-02-07,21:51:25,-08:00,2025-02-07T21:51:25-08:00,0,16
style.css,240,css,dfe081c6,Zoey He,2025-02-07,21:51:25,-08:00,2025-02-07T21:51:25-08:00,1,12
style.css,241,css,dfe081c6,Zoey He,2025-02-07,21:51:25,-08:00,2025-02-07T21:51:25-08:00,1,18
style.css,242,css,dfe081c6,Zoey He,2025-02-07,21:51:25,-08:00,2025-02-07T21:51:25-08:00,1,29
style.css,243,css,dfe081c6,Zoey He,2025-02-07,21:51:25,-08:00,2025-02-07T21:51:25-08:00,1,8
style.css,244,css,dfe081c6,Zoey He,2025-02-07,21:51:25,-08:00,2025-02-07T21:51:25-08:00,1,15
style.css,245,css,dfe081c6,Zoey He,2025-02-07,21:51:25,-08:00,2025-02-07T21:51:25-08:00,0,0
style.css,246,css,dfe081c6,Zoey He,2025-02-07,21:51:25,-08:00,2025-02-07T21:51:25-08:00,0,0
style.css,247,css,dfe081c6,Zoey He,2025-02-07,21:51:25,-08:00,2025-02-07T21:51:25-08:00,0,25
style.css,248,css,dfe081c6,Zoey He,2025-02-07,21:51:25,-08:00,2025-02-07T21:51:25-08:00,0,14
style.css,249,css,dfe081c6,Zoey He,2025-02-07,21:51:25,-08:00,2025-02-07T21:51:25-08:00,1,14
style.css,250,css,dfe081c6,Zoey He,2025-02-07,21:51:25,-08:00,2025-02-07T21:51:25-08:00,1,16
style.css,251,css,dfe081c6,Zoey He,2025-02-07,21:51:25,-08:00,2025-02-07T21:51:25-08:00,1,16
style.css,252,css,dfe081c6,Zoey He,2025-02-07,21:51:25,-08:00,2025-02-07T21:51:25-08:00,0,0
style.css,253,css,dfe081c6,Zoey He,2025-02-07,21:51:25,-08:00,2025-02-07T21:51:25-08:00,0,0
style.css,254,css,dfe081c6,Zoey He,2025-02-07,21:51:25,-08:00,2025-02-07T21:51:25-08:00,0,28
style.css,255,css,dfe081c6,Zoey He,2025-02-07,21:51:25,-08:00,2025-02-07T21:51:25-08:00,0,7
style.css,256,css,dfe081c6,Zoey He,2025-02-07,21:51:25,-08:00,2025-02-07T21:51:25-08:00,1,12
style.css,257,css,dfe081c6,Zoey He,2025-02-07,21:51:25,-08:00,2025-02-07T21:51:25-08:00,1,57
style.css,258,css,dfe081c6,Zoey He,2025-02-07,21:51:25,-08:00,2025-02-07T21:51:25-08:00,1,8
style.css,259,css,dfe081c6,Zoey He,2025-02-07,21:51:25,-08:00,2025-02-07T21:51:25-08:00,1,21
style.css,260,css,dfe081c6,Zoey He,2025-02-07,21:51:25,-08:00,2025-02-07T21:51:25-08:00,1,12
style.css,261,css,dfe081c6,Zoey He,2025-02-07,21:51:25,-08:00,2025-02-07T21:51:25-08:00,1,17
style.css,262,css,dfe081c6,Zoey He,2025-02-07,21:51:25,-08:00,2025-02-07T21:51:25-08:00,0,0
style.css,263,css,dfe081c6,Zoey He,2025-02-07,21:51:25,-08:00,2025-02-07T21:51:25-08:00,0,0
style.css,264,css,dfe081c6,Zoey He,2025-02-07,21:51:25,-08:00,2025-02-07T21:51:25-08:00,0,26
style.css,265,css,dfe081c6,Zoey He,2025-02-07,21:51:25,-08:00,2025-02-07T21:51:25-08:00,0,10
style.css,266,css,dfe081c6,Zoey He,2025-02-07,21:51:25,-08:00,2025-02-07T21:51:25-08:00,1,12
style.css,267,css,dfe081c6,Zoey He,2025-02-07,21:51:25,-08:00,2025-02-07T21:51:25-08:00,1,18
style.css,268,css,dfe081c6,Zoey He,2025-02-07,21:51:25,-08:00,2025-02-07T21:51:25-08:00,1,7
style.css,269,css,dfe081c6,Zoey He,2025-02-07,21:51:25,-08:00,2025-02-07T21:51:25-08:00,1,15
style.css,270,css,dfe081c6,Zoey He,2025-02-07,21:51:25,-08:00,2025-02-07T21:51:25-08:00,0,0
style.css,271,css,dfe081c6,Zoey He,2025-02-07,21:51:25,-08:00,2025-02-07T21:51:25-08:00,0,0
style.css,272,css,dfe081c6,Zoey He,2025-02-07,21:51:25,-08:00,2025-02-07T21:51:25-08:00,0,28
style.css,273,css,dfe081c6,Zoey He,2025-02-07,21:51:25,-08:00,2025-02-07T21:51:25-08:00,0,15
style.css,274,css,dfe081c6,Zoey He,2025-02-07,21:51:25,-08:00,2025-02-07T21:51:25-08:00,1,10
style.css,275,css,dfe081c6,Zoey He,2025-02-07,21:51:25,-08:00,2025-02-07T21:51:25-08:00,1,11
style.css,276,css,dfe081c6,Zoey He,2025-02-07,21:51:25,-08:00,2025-02-07T21:51:25-08:00,1,29
style.css,277,css,dfe081c6,Zoey He,2025-02-07,21:51:25,-08:00,2025-02-07T21:51:25-08:00,1,17
style.css,278,css,dfe081c6,Zoey He,2025-02-07,21:51:25,-08:00,2025-02-07T21:51:25-08:00,1,20
style.css,279,css,dfe081c6,Zoey He,2025-02-07,21:51:25,-08:00,2025-02-07T21:51:25-08:00,0,0
style.css,280,css,dfe081c6,Zoey He,2025-02-07,21:51:25,-08:00,2025-02-07T21:51:25-08:00,0,0
style.css,281,css,dfe081c6,Zoey He,2025-02-07,21:51:25,-08:00,2025-02-07T21:51:25-08:00,0,44
style.css,282,css,dfe081c6,Zoey He,2025-02-07,21:51:25,-08:00,2025-02-07T21:51:25-08:00,0,36
style.css,283,css,dfe081c6,Zoey He,2025-02-07,21:51:25,-08:00,2025-02-07T21:51:25-08:00,1,11
style.css,284,css,dfe081c6,Zoey He,2025-02-07,21:51:25,-08:00,2025-02-07T21:51:25-08:00,0,0
style.css,285,css,dfe081c6,Zoey He,2025-02-07,21:51:25,-08:00,2025-02-07T21:51:25-08:00,0,0
style.css,286,css,dfe081c6,Zoey He,2025-02-07,21:51:25,-08:00,2025-02-07T21:51:25-08:00,0,37
style.css,287,css,dfe081c6,Zoey He,2025-02-07,21:51:25,-08:00,2025-02-07T21:51:25-08:00,0,4
style.css,288,css,dfe081c6,Zoey He,2025-02-07,21:51:25,-08:00,2025-02-07T21:51:25-08:00,1,16
style.css,289,css,dfe081c6,Zoey He,2025-02-07,21:51:25,-08:00,2025-02-07T21:51:25-08:00,1,14
style.css,290,css,dfe081c6,Zoey He,2025-02-07,21:51:25,-08:00,2025-02-07T21:51:25-08:00,0,0
style.css,291,css,dfe081c6,Zoey He,2025-02-07,21:51:25,-08:00,2025-02-07T21:51:25-08:00,0,0
style.css,292,css,dfe081c6,Zoey He,2025-02-07,21:51:25,-08:00,2025-02-07T21:51:25-08:00,0,42
style.css,293,css,dfe081c6,Zoey He,2025-02-07,21:51:25,-08:00,2025-02-07T21:51:25-08:00,0,9
style.css,294,css,dfe081c6,Zoey He,2025-02-07,21:51:25,-08:00,2025-02-07T21:51:25-08:00,1,35
style.css,295,css,dfe081c6,Zoey He,2025-02-07,21:51:25,-08:00,2025-02-07T21:51:25-08:00,0,0
style.css,296,css,dfe081c6,Zoey He,2025-02-07,21:51:25,-08:00,2025-02-07T21:51:25-08:00,0,0
style.css,297,css,dfe081c6,Zoey He,2025-02-07,21:51:25,-08:00,2025-02-07T21:51:25-08:00,0,18
style.css,298,css,dfe081c6,Zoey He,2025-02-07,21:51:25,-08:00,2025-02-07T21:51:25-08:00,1,17
style.css,299,css,dfe081c6,Zoey He,2025-02-07,21:51:25,-08:00,2025-02-07T21:51:25-08:00,0,0
style.css,300,css,dfe081c6,Zoey He,2025-02-07,21:51:25,-08:00,2025-02-07T21:51:25-08:00,0,0
style.css,301,css,dfe081c6,Zoey He,2025-02-07,21:51:25,-08:00,2025-02-07T21:51:25-08:00,0,45
style.css,302,css,dfe081c6,Zoey He,2025-02-07,21:51:25,-08:00,2025-02-07T21:51:25-08:00,0,16
style.css,303,css,dfe081c6,Zoey He,2025-02-07,21:51:25,-08:00,2025-02-07T21:51:25-08:00,1,16
style.css,304,css,dfe081c6,Zoey He,2025-02-07,21:51:25,-08:00,2025-02-07T21:51:25-08:00,0,0
style.css,305,css,dfe081c6,Zoey He,2025-02-07,21:51:25,-08:00,2025-02-07T21:51:25-08:00,0,0
index.js,1,js,5027e991,Zoey He,2025-02-01,19:30:07,-08:00,2025-02-01T19:30:07-08:00,0,36
index.js,2,js,5027e991,Zoey He,2025-02-01,19:30:07,-08:00,2025-02-01T19:30:07-08:00,0,0
index.js,3,js,5027e991,Zoey He,2025-02-01,19:30:07,-08:00,2025-02-01T19:30:07-08:00,0,54
index.js,4,js,5027e991,Zoey He,2025-02-01,19:30:07,-08:00,2025-02-01T19:30:07-08:00,0,0
index.js,5,js,5027e991,Zoey He,2025-02-01,19:30:07,-08:00,2025-02-01T19:30:07-08:00,0,54
index.js,6,js,5027e991,Zoey He,2025-02-01,19:30:07,-08:00,2025-02-01T19:30:07-08:00,0,42
index.js,7,js,5027e991,Zoey He,2025-02-01,19:30:07,-08:00,2025-02-01T19:30:07-08:00,0,0
index.js,8,js,5027e991,Zoey He,2025-02-01,19:30:07,-08:00,2025-02-01T19:30:07-08:00,0,60
index.js,9,js,5027e991,Zoey He,2025-02-01,19:30:07,-08:00,2025-02-01T19:30:07-08:00,0,0
index.js,10,js,5027e991,Zoey He,2025-02-01,19:30:07,-08:00,2025-02-01T19:30:07-08:00,0,54
index.js,11,js,e333a727,Zoey He,2025-02-01,19:45:09,-08:00,2025-02-01T19:45:09-08:00,0,0
index.js,12,js,e333a727,Zoey He,2025-02-01,19:45:09,-08:00,2025-02-01T19:45:09-08:00,0,44
index.js,13,js,e333a727,Zoey He,2025-02-01,19:45:09,-08:00,2025-02-01T19:45:09-08:00,0,0
index.js,14,js,e333a727,Zoey He,2025-02-01,19:45:09,-08:00,2025-02-01T19:45:09-08:00,0,49
index.js,15,js,e333a727,Zoey He,2025-02-01,19:45:09,-08:00,2025-02-01T19:45:09-08:00,0,0
index.js,16,js,e333a727,Zoey He,2025-02-01,19:45:09,-08:00,2025-02-01T19:45:09-08:00,0,60
index.js,17,js,e333a727,Zoey He,2025-02-01,19:45:09,-08:00,2025-02-01T19:45:09-08:00,0,0
index.js,18,js,e333a727,Zoey He,2025-02-01,19:45:09,-08:00,2025-02-01T19:45:09-08:00,0,17
index.js,19,js,e333a727,Zoey He,2025-02-01,19:45:09,-08:00,2025-02-01T19:45:09-08:00,2,24
index.js,20,js,e333a727,Zoey He,2025-02-01,19:45:09,-08:00,2025-02-01T19:45:09-08:00,4,22
index.js,21,js,e333a727,Zoey He,2025-02-01,19:45:09,-08:00,2025-02-01T19:45:09-08:00,4,2
index.js,22,js,e333a727,Zoey He,2025-02-01,19:45:09,-08:00,2025-02-01T19:45:09-08:00,5,48
index.js,23,js,e333a727,Zoey He,2025-02-01,19:45:09,-08:00,2025-02-01T19:45:09-08:00,5,48
index.js,24,js,e333a727,Zoey He,2025-02-01,19:45:09,-08:00,2025-02-01T19:45:09-08:00,5,54
index.js,25,js,e333a727,Zoey He,2025-02-01,19:45:09,-08:00,2025-02-01T19:45:09-08:00,5,54
index.js,26,js,e333a727,Zoey He,2025-02-01,19:45:09,-08:00,2025-02-01T19:45:09-08:00,4,3
index.js,27,js,e333a727,Zoey He,2025-02-01,19:45:09,-08:00,2025-02-01T19:45:09-08:00,2,0
index.js,28,js,e333a727,Zoey He,2025-02-01,19:45:09,-08:00,2025-02-01T19:45:09-08:00,0,0
index.js,29,js,e333a727,Zoey He,2025-02-01,19:45:09,-08:00,2025-02-01T19:45:09-08:00,0,0
index.html,1,html,0659cf9d,Zoey He,2025-01-10,20:13:24,-08:00,2025-01-10T20:13:24-08:00,0,13
index.html,2,html,682e8c89,Zoey He,2025-01-24,20:07:17,-08:00,2025-01-24T20:07:17-08:00,0,27
index.html,3,html,0659cf9d,Zoey He,2025-01-10,20:13:24,-08:00,2025-01-10T20:13:24-08:00,0,4
index.html,4,html,0659cf9d,Zoey He,2025-01-10,20:13:24,-08:00,2025-01-10T20:13:24-08:00,2,20
index.html,5,html,0659cf9d,Zoey He,2025-01-10,20:13:24,-08:00,2025-01-10T20:13:24-08:00,2,68
index.html,6,html,0659cf9d,Zoey He,2025-01-10,20:13:24,-08:00,2025-01-10T20:13:24-08:00,2,49
index.html,7,html,f34f0c95,Zoey He,2025-01-10,21:03:53,-08:00,2025-01-10T21:03:53-08:00,2,38
index.html,8,html,f34f0c95,Zoey He,2025-01-10,21:03:53,-08:00,2025-01-10T21:03:53-08:00,0,0
index.html,9,html,0659cf9d,Zoey He,2025-01-10,20:13:24,-08:00,2025-01-10T20:13:24-08:00,0,5
index.html,10,html,0659cf9d,Zoey He,2025-01-10,20:13:24,-08:00,2025-01-10T20:13:24-08:00,0,4
index.html,11,html,682e8c89,Zoey He,2025-01-24,20:07:17,-08:00,2025-01-24T20:07:17-08:00,0,0
index.html,12,html,0659cf9d,Zoey He,2025-01-10,20:13:24,-08:00,2025-01-10T20:13:24-08:00,2,14
index.html,13,html,0659cf9d,Zoey He,2025-01-10,20:13:24,-08:00,2025-01-10T20:13:24-08:00,2,65
index.html,14,html,f34f0c95,Zoey He,2025-01-10,21:03:53,-08:00,2025-01-10T21:03:53-08:00,2,59
index.html,15,html,e333a727,Zoey He,2025-02-01,19:45:09,-08:00,2025-02-01T19:45:09-08:00,0,0
index.html,16,html,e333a727,Zoey He,2025-02-01,19:45:09,-08:00,2025-02-01T19:45:09-08:00,2,28
index.html,17,html,1156776e,Zoey He,2025-01-24,00:46:03,-08:00,2025-01-24T00:46:03-08:00,2,0
index.html,18,html,5027e991,Zoey He,2025-02-01,19:30:07,-08:00,2025-02-01T19:30:07-08:00,2,22
index.html,19,html,5027e991,Zoey He,2025-02-01,19:30:07,-08:00,2025-02-01T19:30:07-08:00,2,26
index.html,20,html,df827540,Zoey He,2025-01-10,21:15:23,-08:00,2025-01-10T21:15:23-08:00,0,0
index.html,21,html,5027e991,Zoey He,2025-02-01,19:30:07,-08:00,2025-02-01T19:30:07-08:00,2,45
index.html,22,html,5027e991,Zoey He,2025-02-01,19:30:07,-08:00,2025-02-01T19:30:07-08:00,2,50
index.html,23,html,0659cf9d,Zoey He,2025-01-10,20:13:24,-08:00,2025-01-10T20:13:24-08:00,0,5
index.html,24,html,0659cf9d,Zoey He,2025-01-10,20:13:24,-08:00,2025-01-10T20:13:24-08:00,0,5
global.js,1,js,1156776e,Zoey He,2025-01-24,00:46:03,-08:00,2025-01-24T00:46:03-08:00,0,25
global.js,2,js,1156776e,Zoey He,2025-01-24,00:46:03,-08:00,2025-01-24T00:46:03-08:00,0,0
global.js,3,js,1156776e,Zoey He,2025-01-24,00:46:03,-08:00,2025-01-24T00:46:03-08:00,0,41
global.js,4,js,1156776e,Zoey He,2025-01-24,00:46:03,-08:00,2025-01-24T00:46:03-08:00,1,52
global.js,5,js,1156776e,Zoey He,2025-01-24,00:46:03,-08:00,2025-01-24T00:46:03-08:00,0,0
global.js,6,js,1156776e,Zoey He,2025-01-24,00:46:03,-08:00,2025-01-24T00:46:03-08:00,0,0
global.js,7,js,682e8c89,Zoey He,2025-01-24,20:07:17,-08:00,2025-01-24T20:07:17-08:00,0,11
global.js,8,js,682e8c89,Zoey He,2025-01-24,20:07:17,-08:00,2025-01-24T20:07:17-08:00,2,25
global.js,9,js,682e8c89,Zoey He,2025-01-24,20:07:17,-08:00,2025-01-24T20:07:17-08:00,2,38
global.js,10,js,682e8c89,Zoey He,2025-01-24,20:07:17,-08:00,2025-01-24T20:07:17-08:00,2,36
global.js,11,js,682e8c89,Zoey He,2025-01-24,20:07:17,-08:00,2025-01-24T20:07:17-08:00,2,34
global.js,12,js,00000000,Not Committed Yet,2025-02-15,20:23:30,-08:00,2025-02-15T20:23:30-08:00,2,30
global.js,13,js,682e8c89,Zoey He,2025-01-24,20:07:17,-08:00,2025-01-24T20:07:17-08:00,2,52
global.js,14,js,682e8c89,Zoey He,2025-01-24,20:07:17,-08:00,2025-01-24T20:07:17-08:00,1,0
global.js,15,js,682e8c89,Zoey He,2025-01-24,20:07:17,-08:00,2025-01-24T20:07:17-08:00,1,0
global.js,16,js,682e8c89,Zoey He,2025-01-24,20:07:17,-08:00,2025-01-24T20:07:17-08:00,0,35
global.js,17,js,1156776e,Zoey He,2025-01-24,00:46:03,-08:00,2025-01-24T00:46:03-08:00,0,0
global.js,18,js,682e8c89,Zoey He,2025-01-24,20:07:17,-08:00,2025-01-24T20:07:17-08:00,0,38
global.js,19,js,682e8c89,Zoey He,2025-01-24,20:07:17,-08:00,2025-01-24T20:07:17-08:00,0,25
global.js,20,js,682e8c89,Zoey He,2025-01-24,20:07:17,-08:00,2025-01-24T20:07:17-08:00,0,0
global.js,21,js,682e8c89,Zoey He,2025-01-24,20:07:17,-08:00,2025-01-24T20:07:17-08:00,0,20
global.js,22,js,682e8c89,Zoey He,2025-01-24,20:07:17,-08:00,2025-01-24T20:07:17-08:00,2,14
global.js,23,js,682e8c89,Zoey He,2025-01-24,20:07:17,-08:00,2025-01-24T20:07:17-08:00,2,18
global.js,24,js,682e8c89,Zoey He,2025-01-24,20:07:17,-08:00,2025-01-24T20:07:17-08:00,0,0
global.js,25,js,682e8c89,Zoey He,2025-01-24,20:07:17,-08:00,2025-01-24T20:07:17-08:00,2,70
global.js,26,js,682e8c89,Zoey He,2025-01-24,20:07:17,-08:00,2025-01-24T20:07:17-08:00,2,64
global.js,27,js,682e8c89,Zoey He,2025-01-24,20:07:17,-08:00,2025-01-24T20:07:17-08:00,0,0
global.js,28,js,682e8c89,Zoey He,2025-01-24,20:07:17,-08:00,2025-01-24T20:07:17-08:00,2,34
global.js,29,js,682e8c89,Zoey He,2025-01-24,20:07:17,-08:00,2025-01-24T20:07:17-08:00,2,11
global.js,30,js,682e8c89,Zoey He,2025-01-24,20:07:17,-08:00,2025-01-24T20:07:17-08:00,2,20
global.js,31,js,682e8c89,Zoey He,2025-01-24,20:07:17,-08:00,2025-01-24T20:07:17-08:00,0,0
global.js,32,js,682e8c89,Zoey He,2025-01-24,20:07:17,-08:00,2025-01-24T20:07:17-08:00,0,79
global.js,33,js,682e8c89,Zoey He,2025-01-24,20:07:17,-08:00,2025-01-24T20:07:17-08:00,0,0
global.js,34,js,682e8c89,Zoey He,2025-01-24,20:07:17,-08:00,2025-01-24T20:07:17-08:00,2,17
global.js,35,js,682e8c89,Zoey He,2025-01-24,20:07:17,-08:00,2025-01-24T20:07:17-08:00,2,8
global.js,36,js,682e8c89,Zoey He,2025-01-24,20:07:17,-08:00,2025-01-24T20:07:17-08:00,2,58
global.js,37,js,682e8c89,Zoey He,2025-01-24,20:07:17,-08:00,2025-01-24T20:07:17-08:00,2,0
global.js,38,js,682e8c89,Zoey He,2025-01-24,20:07:17,-08:00,2025-01-24T20:07:17-08:00,2,0
global.js,39,js,682e8c89,Zoey He,2025-01-24,20:07:17,-08:00,2025-01-24T20:07:17-08:00,2,52
global.js,40,js,44385ada,Zoey He,2025-01-24,20:50:04,-08:00,2025-01-24T20:50:04-08:00,2,23
global.js,41,js,44385ada,Zoey He,2025-01-24,20:50:04,-08:00,2025-01-24T20:50:04-08:00,3,18
global.js,42,js,44385ada,Zoey He,2025-01-24,20:50:04,-08:00,2025-01-24T20:50:04-08:00,2,0
global.js,43,js,682e8c89,Zoey He,2025-01-24,20:07:17,-08:00,2025-01-24T20:07:17-08:00,0,0
global.js,44,js,682e8c89,Zoey He,2025-01-24,20:07:17,-08:00,2025-01-24T20:07:17-08:00,2,12
global.js,45,js,682e8c89,Zoey He,2025-01-24,20:07:17,-08:00,2025-01-24T20:07:17-08:00,0,0
global.js,46,js,1156776e,Zoey He,2025-01-24,00:46:03,-08:00,2025-01-24T00:46:03-08:00,0,0
global.js,47,js,44385ada,Zoey He,2025-01-24,20:50:04,-08:00,2025-01-24T20:50:04-08:00,0,31
global.js,48,js,44385ada,Zoey He,2025-01-24,20:50:04,-08:00,2025-01-24T20:50:04-08:00,1,11
global.js,49,js,44385ada,Zoey He,2025-01-24,20:50:04,-08:00,2025-01-24T20:50:04-08:00,1,0
global.js,50,js,44385ada,Zoey He,2025-01-24,20:50:04,-08:00,2025-01-24T20:50:04-08:00,1,26
global.js,51,js,44385ada,Zoey He,2025-01-24,20:50:04,-08:00,2025-01-24T20:50:04-08:00,2,4
global.js,52,js,44385ada,Zoey He,2025-01-24,20:50:04,-08:00,2025-01-24T20:50:04-08:00,2,6
global.js,53,js,44385ada,Zoey He,2025-01-24,20:50:04,-08:00,2025-01-24T20:50:04-08:00,3,43
global.js,54,js,44385ada,Zoey He,2025-01-24,20:50:04,-08:00,2025-01-24T20:50:04-08:00,3,34
global.js,55,js,44385ada,Zoey He,2025-01-24,20:50:04,-08:00,2025-01-24T20:50:04-08:00,3,32
global.js,56,js,44385ada,Zoey He,2025-01-24,20:50:04,-08:00,2025-01-24T20:50:04-08:00,2,7
global.js,57,js,44385ada,Zoey He,2025-01-24,20:50:04,-08:00,2025-01-24T20:50:04-08:00,1,6
global.js,58,js,44385ada,Zoey He,2025-01-24,20:50:04,-08:00,2025-01-24T20:50:04-08:00,1,0
global.js,59,js,44385ada,Zoey He,2025-01-24,20:50:04,-08:00,2025-01-24T20:50:04-08:00,0,0
global.js,60,js,44385ada,Zoey He,2025-01-24,20:50:04,-08:00,2025-01-24T20:50:04-08:00,0,0
global.js,61,js,44385ada,Zoey He,2025-01-24,20:50:04,-08:00,2025-01-24T20:50:04-08:00,0,3
global.js,62,js,44385ada,Zoey He,2025-01-24,20:50:04,-08:00,2025-01-24T20:50:04-08:00,0,60
global.js,63,js,44385ada,Zoey He,2025-01-24,20:50:04,-08:00,2025-01-24T20:50:04-08:00,0,0
global.js,64,js,44385ada,Zoey He,2025-01-24,20:50:04,-08:00,2025-01-24T20:50:04-08:00,0,49
global.js,65,js,44385ada,Zoey He,2025-01-24,20:50:04,-08:00,2025-01-24T20:50:04-08:00,1,77
global.js,66,js,44385ada,Zoey He,2025-01-24,20:50:04,-08:00,2025-01-24T20:50:04-08:00,0,1
global.js,67,js,44385ada,Zoey He,2025-01-24,20:50:04,-08:00,2025-01-24T20:50:04-08:00,0,0
global.js,68,js,44385ada,Zoey He,2025-01-24,20:50:04,-08:00,2025-01-24T20:50:04-08:00,0,0
global.js,69,js,44385ada,Zoey He,2025-01-24,20:50:04,-08:00,2025-01-24T20:50:04-08:00,0,3
global.js,70,js,44385ada,Zoey He,2025-01-24,20:50:04,-08:00,2025-01-24T20:50:04-08:00,0,31
global.js,71,js,44385ada,Zoey He,2025-01-24,20:50:04,-08:00,2025-01-24T20:50:04-08:00,1,65
global.js,72,js,44385ada,Zoey He,2025-01-24,20:50:04,-08:00,2025-01-24T20:50:04-08:00,1,20
global.js,73,js,44385ada,Zoey He,2025-01-24,20:50:04,-08:00,2025-01-24T20:50:04-08:00,0,0
global.js,74,js,44385ada,Zoey He,2025-01-24,20:50:04,-08:00,2025-01-24T20:50:04-08:00,0,0
global.js,75,js,44385ada,Zoey He,2025-01-24,20:50:04,-08:00,2025-01-24T20:50:04-08:00,0,49
global.js,76,js,44385ada,Zoey He,2025-01-24,20:50:04,-08:00,2025-01-24T20:50:04-08:00,1,32
global.js,77,js,44385ada,Zoey He,2025-01-24,20:50:04,-08:00,2025-01-24T20:50:04-08:00,1,32
global.js,78,js,44385ada,Zoey He,2025-01-24,20:50:04,-08:00,2025-01-24T20:50:04-08:00,1,21
global.js,79,js,44385ada,Zoey He,2025-01-24,20:50:04,-08:00,2025-01-24T20:50:04-08:00,0,1
global.js,80,js,44385ada,Zoey He,2025-01-24,20:50:04,-08:00,2025-01-24T20:50:04-08:00,0,0
global.js,81,js,44385ada,Zoey He,2025-01-24,20:50:04,-08:00,2025-01-24T20:50:04-08:00,0,59
global.js,82,js,44385ada,Zoey He,2025-01-24,20:50:04,-08:00,2025-01-24T20:50:04-08:00,0,26
global.js,83,js,8f6fb784,Zoey He,2025-01-24,20:54:05,-08:00,2025-01-24T20:54:05-08:00,0,0
global.js,84,js,8f6fb784,Zoey He,2025-01-24,20:54:05,-08:00,2025-01-24T20:54:05-08:00,0,31
global.js,85,js,8f6fb784,Zoey He,2025-01-24,20:54:05,-08:00,2025-01-24T20:54:05-08:00,0,42
global.js,86,js,8f6fb784,Zoey He,2025-01-24,20:54:05,-08:00,2025-01-24T20:54:05-08:00,0,0
global.js,87,js,8f6fb784,Zoey He,2025-01-24,20:54:05,-08:00,2025-01-24T20:54:05-08:00,0,43
global.js,88,js,8f6fb784,Zoey He,2025-01-24,20:54:05,-08:00,2025-01-24T20:54:05-08:00,1,21
global.js,89,js,8f6fb784,Zoey He,2025-01-24,20:54:05,-08:00,2025-01-24T20:54:05-08:00,0,0
global.js,90,js,8f6fb784,Zoey He,2025-01-24,20:54:05,-08:00,2025-01-24T20:54:05-08:00,1,30
global.js,91,js,8f6fb784,Zoey He,2025-01-24,20:54:05,-08:00,2025-01-24T20:54:05-08:00,0,0
global.js,92,js,8f6fb784,Zoey He,2025-01-24,20:54:05,-08:00,2025-01-24T20:54:05-08:00,1,26
global.js,93,js,8f6fb784,Zoey He,2025-01-24,20:54:05,-08:00,2025-01-24T20:54:05-08:00,0,0
global.js,94,js,8f6fb784,Zoey He,2025-01-24,20:54:05,-08:00,2025-01-24T20:54:05-08:00,1,31
global.js,95,js,8f6fb784,Zoey He,2025-01-24,20:54:05,-08:00,2025-01-24T20:54:05-08:00,2,45
global.js,96,js,8f6fb784,Zoey He,2025-01-24,20:54:05,-08:00,2025-01-24T20:54:05-08:00,1,0
global.js,97,js,8f6fb784,Zoey He,2025-01-24,20:54:05,-08:00,2025-01-24T20:54:05-08:00,0,0
global.js,98,js,8f6fb784,Zoey He,2025-01-24,20:54:05,-08:00,2025-01-24T20:54:05-08:00,1,21
global.js,99,js,8f6fb784,Zoey He,2025-01-24,20:54:05,-08:00,2025-01-24T20:54:05-08:00,0,0
global.js,100,js,8f6fb784,Zoey He,2025-01-24,20:54:05,-08:00,2025-01-24T20:54:05-08:00,1,18
global.js,101,js,8f6fb784,Zoey He,2025-01-24,20:54:05,-08:00,2025-01-24T20:54:05-08:00,0,1
global.js,102,js,5027e991,Zoey He,2025-02-01,19:30:07,-08:00,2025-02-01T19:30:07-08:00,0,0
global.js,103,js,5027e991,Zoey He,2025-02-01,19:30:07,-08:00,2025-02-01T19:30:07-08:00,0,5
global.js,104,js,5027e991,Zoey He,2025-02-01,19:30:07,-08:00,2025-02-01T19:30:07-08:00,0,36
global.js,105,js,5027e991,Zoey He,2025-02-01,19:30:07,-08:00,2025-02-01T19:30:07-08:00,1,3
global.js,106,js,5027e991,Zoey He,2025-02-01,19:30:07,-08:00,2025-02-01T19:30:07-08:00,3,39
global.js,107,js,5027e991,Zoey He,2025-02-01,19:30:07,-08:00,2025-02-01T19:30:07-08:00,3,32
global.js,108,js,5027e991,Zoey He,2025-02-01,19:30:07,-08:00,2025-02-01T19:30:07-08:00,0,0
global.js,109,js,5027e991,Zoey He,2025-02-01,19:30:07,-08:00,2025-02-01T19:30:07-08:00,3,53
global.js,110,js,5027e991,Zoey He,2025-02-01,19:30:07,-08:00,2025-02-01T19:30:07-08:00,3,17
global.js,111,js,5027e991,Zoey He,2025-02-01,19:30:07,-08:00,2025-02-01T19:30:07-08:00,5,66
global.js,112,js,5027e991,Zoey He,2025-02-01,19:30:07,-08:00,2025-02-01T19:30:07-08:00,3,0
global.js,113,js,5027e991,Zoey He,2025-02-01,19:30:07,-08:00,2025-02-01T19:30:07-08:00,0,0
global.js,114,js,5027e991,Zoey He,2025-02-01,19:30:07,-08:00,2025-02-01T19:30:07-08:00,3,50
global.js,115,js,5027e991,Zoey He,2025-02-01,19:30:07,-08:00,2025-02-01T19:30:07-08:00,3,33
global.js,116,js,5027e991,Zoey He,2025-02-01,19:30:07,-08:00,2025-02-01T19:30:07-08:00,3,10
global.js,117,js,5027e991,Zoey He,2025-02-01,19:30:07,-08:00,2025-02-01T19:30:07-08:00,0,0
global.js,118,js,5027e991,Zoey He,2025-02-01,19:30:07,-08:00,2025-02-01T19:30:07-08:00,1,15
global.js,119,js,5027e991,Zoey He,2025-02-01,19:30:07,-08:00,2025-02-01T19:30:07-08:00,3,59
global.js,120,js,5027e991,Zoey He,2025-02-01,19:30:07,-08:00,2025-02-01T19:30:07-08:00,1,0
global.js,121,js,5027e991,Zoey He,2025-02-01,19:30:07,-08:00,2025-02-01T19:30:07-08:00,0,0
global.js,122,js,5027e991,Zoey He,2025-02-01,19:30:07,-08:00,2025-02-01T19:30:07-08:00,0,79
global.js,123,js,dfe081c6,Zoey He,2025-02-07,21:51:25,-08:00,2025-02-07T21:51:25-08:00,1,56
global.js,124,js,5027e991,Zoey He,2025-02-01,19:30:07,-08:00,2025-02-01T19:30:07-08:00,0,0
global.js,125,js,5027e991,Zoey He,2025-02-01,19:30:07,-08:00,2025-02-01T19:30:07-08:00,1,31
global.js,126,js,dfe081c6,Zoey He,2025-02-07,21:51:25,-08:00,2025-02-07T21:51:25-08:00,3,69
global.js,127,js,5027e991,Zoey He,2025-02-01,19:30:07,-08:00,2025-02-01T19:30:07-08:00,0,0
global.js,128,js,5027e991,Zoey He,2025-02-01,19:30:07,-08:00,2025-02-01T19:30:07-08:00,3,19
global.js,129,js,5027e991,Zoey He,2025-02-01,19:30:07,-08:00,2025-02-01T19:30:07-08:00,5,49
global.js,130,js,5027e991,Zoey He,2025-02-01,19:30:07,-08:00,2025-02-01T19:30:07-08:00,5,49
global.js,131,js,dfe081c6,Zoey He,2025-02-07,21:51:25,-08:00,2025-02-07T21:51:25-08:00,5,27
global.js,132,js,dfe081c6,Zoey He,2025-02-07,21:51:25,-08:00,2025-02-07T21:51:25-08:00,7,27
global.js,133,js,dfe081c6,Zoey He,2025-02-07,21:51:25,-08:00,2025-02-07T21:51:25-08:00,7,69
global.js,134,js,dfe081c6,Zoey He,2025-02-07,21:51:25,-08:00,2025-02-07T21:51:25-08:00,5,4
global.js,135,js,5027e991,Zoey He,2025-02-01,19:30:07,-08:00,2025-02-01T19:30:07-08:00,3,0
global.js,136,js,5027e991,Zoey He,2025-02-01,19:30:07,-08:00,2025-02-01T19:30:07-08:00,0,0
global.js,137,js,dfe081c6,Zoey He,2025-02-07,21:51:25,-08:00,2025-02-07T21:51:25-08:00,3,58
global.js,138,js,5027e991,Zoey He,2025-02-01,19:30:07,-08:00,2025-02-01T19:30:07-08:00,1,0
global.js,139,js,5027e991,Zoey He,2025-02-01,19:30:07,-08:00,2025-02-01T19:30:07-08:00,0,0
global.js,140,js,dfe081c6,Zoey He,2025-02-07,21:51:25,-08:00,2025-02-07T21:51:25-08:00,0,0
global.js,141,js,dfe081c6,Zoey He,2025-02-07,21:51:25,-08:00,2025-02-07T21:51:25-08:00,0,0
global.js,142,js,e333a727,Zoey He,2025-02-01,19:45:09,-08:00,2025-02-01T19:45:09-08:00,0,47
global.js,143,js,e333a727,Zoey He,2025-02-01,19:45:09,-08:00,2025-02-01T19:45:09-08:00,1,59
global.js,144,js,e333a727,Zoey He,2025-02-01,19:45:09,-08:00,2025-02-01T19:45:09-08:00,0,0
resume\index.html,1,html,f34f0c95,Zoey He,2025-01-10,21:03:53,-08:00,2025-01-10T21:03:53-08:00,0,13
resume\index.html,2,html,f34f0c95,Zoey He,2025-01-10,21:03:53,-08:00,2025-01-10T21:03:53-08:00,0,14
resume\index.html,3,html,f34f0c95,Zoey He,2025-01-10,21:03:53,-08:00,2025-01-10T21:03:53-08:00,0,4
resume\index.html,4,html,f34f0c95,Zoey He,2025-01-10,21:03:53,-08:00,2025-01-10T21:03:53-08:00,2,20
resume\index.html,5,html,f34f0c95,Zoey He,2025-01-10,21:03:53,-08:00,2025-01-10T21:03:53-08:00,2,68
resume\index.html,6,html,1e4add4e,Zoey He,2025-01-17,20:50:11,-08:00,2025-01-17T20:50:11-08:00,2,28
resume\index.html,7,html,f34f0c95,Zoey He,2025-01-10,21:03:53,-08:00,2025-01-10T21:03:53-08:00,2,41
resume\index.html,8,html,f34f0c95,Zoey He,2025-01-10,21:03:53,-08:00,2025-01-10T21:03:53-08:00,0,5
resume\index.html,9,html,1e4add4e,Zoey He,2025-01-17,20:50:11,-08:00,2025-01-17T20:50:11-08:00,0,19
resume\index.html,10,html,682e8c89,Zoey He,2025-01-24,20:07:17,-08:00,2025-01-24T20:07:17-08:00,0,0
resume\index.html,11,html,f34f0c95,Zoey He,2025-01-10,21:03:53,-08:00,2025-01-10T21:03:53-08:00,0,0
resume\index.html,12,html,f34f0c95,Zoey He,2025-01-10,21:03:53,-08:00,2025-01-10T21:03:53-08:00,2,23
resume\index.html,13,html,1e4add4e,Zoey He,2025-01-17,20:50:11,-08:00,2025-01-17T20:50:11-08:00,0,0
resume\index.html,14,html,f34f0c95,Zoey He,2025-01-10,21:03:53,-08:00,2025-01-10T21:03:53-08:00,2,7
resume\index.html,15,html,f34f0c95,Zoey He,2025-01-10,21:03:53,-08:00,2025-01-10T21:03:53-08:00,4,16
resume\index.html,16,html,f34f0c95,Zoey He,2025-01-10,21:03:53,-08:00,2025-01-10T21:03:53-08:00,4,7
resume\index.html,17,html,f34f0c95,Zoey He,2025-01-10,21:03:53,-08:00,2025-01-10T21:03:53-08:00,6,42
resume\index.html,18,html,f34f0c95,Zoey He,2025-01-10,21:03:53,-08:00,2025-01-10T21:03:53-08:00,6,40
resume\index.html,19,html,1e4add4e,Zoey He,2025-01-17,20:50:11,-08:00,2025-01-17T20:50:11-08:00,6,94
resume\index.html,20,html,f34f0c95,Zoey He,2025-01-10,21:03:53,-08:00,2025-01-10T21:03:53-08:00,6,192
resume\index.html,21,html,f34f0c95,Zoey He,2025-01-10,21:03:53,-08:00,2025-01-10T21:03:53-08:00,4,8
resume\index.html,22,html,f34f0c95,Zoey He,2025-01-10,21:03:53,-08:00,2025-01-10T21:03:53-08:00,2,8
resume\index.html,23,html,f34f0c95,Zoey He,2025-01-10,21:03:53,-08:00,2025-01-10T21:03:53-08:00,0,0
resume\index.html,24,html,f34f0c95,Zoey He,2025-01-10,21:03:53,-08:00,2025-01-10T21:03:53-08:00,2,7
resume\index.html,25,html,f34f0c95,Zoey He,2025-01-10,21:03:53,-08:00,2025-01-10T21:03:53-08:00,4,26
resume\index.html,26,html,1e4add4e,Zoey He,2025-01-17,20:50:11,-08:00,2025-01-17T20:50:11-08:00,0,0
resume\index.html,27,html,f34f0c95,Zoey He,2025-01-10,21:03:53,-08:00,2025-01-10T21:03:53-08:00,4,7
resume\index.html,28,html,f34f0c95,Zoey He,2025-01-10,21:03:53,-08:00,2025-01-10T21:03:53-08:00,6,51
resume\index.html,29,html,1e4add4e,Zoey He,2025-01-17,20:50:11,-08:00,2025-01-17T20:50:11-08:00,6,87
resume\index.html,30,html,f34f0c95,Zoey He,2025-01-10,21:03:53,-08:00,2025-01-10T21:03:53-08:00,6,2
resume\index.html,31,html,f34f0c95,Zoey He,2025-01-10,21:03:53,-08:00,2025-01-10T21:03:53-08:00,8,83
resume\index.html,32,html,f34f0c95,Zoey He,2025-01-10,21:03:53,-08:00,2025-01-10T21:03:53-08:00,8,90
resume\index.html,33,html,f34f0c95,Zoey He,2025-01-10,21:03:53,-08:00,2025-01-10T21:03:53-08:00,8,78
resume\index.html,34,html,f34f0c95,Zoey He,2025-01-10,21:03:53,-08:00,2025-01-10T21:03:53-08:00,6,3
resume\index.html,35,html,f34f0c95,Zoey He,2025-01-10,21:03:53,-08:00,2025-01-10T21:03:53-08:00,4,8
resume\index.html,36,html,1e4add4e,Zoey He,2025-01-17,20:50:11,-08:00,2025-01-17T20:50:11-08:00,0,0
resume\index.html,37,html,f34f0c95,Zoey He,2025-01-10,21:03:53,-08:00,2025-01-10T21:03:53-08:00,4,7
resume\index.html,38,html,f34f0c95,Zoey He,2025-01-10,21:03:53,-08:00,2025-01-10T21:03:53-08:00,6,34
resume\index.html,39,html,1e4add4e,Zoey He,2025-01-17,20:50:11,-08:00,2025-01-17T20:50:11-08:00,6,99
resume\index.html,40,html,f34f0c95,Zoey He,2025-01-10,21:03:53,-08:00,2025-01-10T21:03:53-08:00,6,2
resume\index.html,41,html,f34f0c95,Zoey He,2025-01-10,21:03:53,-08:00,2025-01-10T21:03:53-08:00,8,76
resume\index.html,42,html,f34f0c95,Zoey He,2025-01-10,21:03:53,-08:00,2025-01-10T21:03:53-08:00,8,91
resume\index.html,43,html,f34f0c95,Zoey He,2025-01-10,21:03:53,-08:00,2025-01-10T21:03:53-08:00,6,3
resume\index.html,44,html,f34f0c95,Zoey He,2025-01-10,21:03:53,-08:00,2025-01-10T21:03:53-08:00,4,8
resume\index.html,45,html,f34f0c95,Zoey He,2025-01-10,21:03:53,-08:00,2025-01-10T21:03:53-08:00,2,8
resume\index.html,46,html,f34f0c95,Zoey He,2025-01-10,21:03:53,-08:00,2025-01-10T21:03:53-08:00,0,0
resume\index.html,47,html,f34f0c95,Zoey He,2025-01-10,21:03:53,-08:00,2025-01-10T21:03:53-08:00,2,7
resume\index.html,48,html,f34f0c95,Zoey He,2025-01-10,21:03:53,-08:00,2025-01-10T21:03:53-08:00,4,17
resume\index.html,49,html,1e4add4e,Zoey He,2025-01-17,20:50:11,-08:00,2025-01-17T20:50:11-08:00,0,0
resume\index.html,50,html,f34f0c95,Zoey He,2025-01-10,21:03:53,-08:00,2025-01-10T21:03:53-08:00,4,7
resume\index.html,51,html,f34f0c95,Zoey He,2025-01-10,21:03:53,-08:00,2025-01-10T21:03:53-08:00,6,33
resume\index.html,52,html,1e4add4e,Zoey He,2025-01-17,20:50:11,-08:00,2025-01-17T20:50:11-08:00,6,87
resume\index.html,53,html,f34f0c95,Zoey He,2025-01-10,21:03:53,-08:00,2025-01-10T21:03:53-08:00,6,2
resume\index.html,54,html,f34f0c95,Zoey He,2025-01-10,21:03:53,-08:00,2025-01-10T21:03:53-08:00,8,65
resume\index.html,55,html,f34f0c95,Zoey He,2025-01-10,21:03:53,-08:00,2025-01-10T21:03:53-08:00,6,3
resume\index.html,56,html,f34f0c95,Zoey He,2025-01-10,21:03:53,-08:00,2025-01-10T21:03:53-08:00,4,8
resume\index.html,57,html,1e4add4e,Zoey He,2025-01-17,20:50:11,-08:00,2025-01-17T20:50:11-08:00,0,0
resume\index.html,58,html,f34f0c95,Zoey He,2025-01-10,21:03:53,-08:00,2025-01-10T21:03:53-08:00,4,7
resume\index.html,59,html,f34f0c95,Zoey He,2025-01-10,21:03:53,-08:00,2025-01-10T21:03:53-08:00,6,28
resume\index.html,60,html,1e4add4e,Zoey He,2025-01-17,20:50:11,-08:00,2025-01-17T20:50:11-08:00,6,115
resume\index.html,61,html,f34f0c95,Zoey He,2025-01-10,21:03:53,-08:00,2025-01-10T21:03:53-08:00,6,2
resume\index.html,62,html,f34f0c95,Zoey He,2025-01-10,21:03:53,-08:00,2025-01-10T21:03:53-08:00,8,95
resume\index.html,63,html,f34f0c95,Zoey He,2025-01-10,21:03:53,-08:00,2025-01-10T21:03:53-08:00,6,3
resume\index.html,64,html,f34f0c95,Zoey He,2025-01-10,21:03:53,-08:00,2025-01-10T21:03:53-08:00,4,8
resume\index.html,65,html,f34f0c95,Zoey He,2025-01-10,21:03:53,-08:00,2025-01-10T21:03:53-08:00,2,8
resume\index.html,66,html,f34f0c95,Zoey He,2025-01-10,21:03:53,-08:00,2025-01-10T21:03:53-08:00,0,0
resume\index.html,67,html,f34f0c95,Zoey He,2025-01-10,21:03:53,-08:00,2025-01-10T21:03:53-08:00,2,7
resume\index.html,68,html,f34f0c95,Zoey He,2025-01-10,21:03:53,-08:00,2025-01-10T21:03:53-08:00,4,26
resume\index.html,69,html,f34f0c95,Zoey He,2025-01-10,21:03:53,-08:00,2025-01-10T21:03:53-08:00,4,2
resume\index.html,70,html,f34f0c95,Zoey He,2025-01-10,21:03:53,-08:00,2025-01-10T21:03:53-08:00,6,97
resume\index.html,71,html,f34f0c95,Zoey He,2025-01-10,21:03:53,-08:00,2025-01-10T21:03:53-08:00,6,80
resume\index.html,72,html,f34f0c95,Zoey He,2025-01-10,21:03:53,-08:00,2025-01-10T21:03:53-08:00,6,92
resume\index.html,73,html,f34f0c95,Zoey He,2025-01-10,21:03:53,-08:00,2025-01-10T21:03:53-08:00,4,3
resume\index.html,74,html,f34f0c95,Zoey He,2025-01-10,21:03:53,-08:00,2025-01-10T21:03:53-08:00,2,8
resume\index.html,75,html,1156776e,Zoey He,2025-01-24,00:46:03,-08:00,2025-01-24T00:46:03-08:00,0,0
resume\index.html,76,html,1156776e,Zoey He,2025-01-24,00:46:03,-08:00,2025-01-24T00:46:03-08:00,2,48
resume\index.html,77,html,1156776e,Zoey He,2025-01-24,00:46:03,-08:00,2025-01-24T00:46:03-08:00,0,0
resume\index.html,78,html,f34f0c95,Zoey He,2025-01-10,21:03:53,-08:00,2025-01-10T21:03:53-08:00,0,5
resume\index.html,79,html,f34f0c95,Zoey He,2025-01-10,21:03:53,-08:00,2025-01-10T21:03:53-08:00,0,5
projects\projects.js,1,js,5027e991,Zoey He,2025-02-01,19:30:07,-08:00,2025-02-01T19:30:07-08:00,0,55
projects\projects.js,2,js,dfe081c6,Zoey He,2025-02-07,21:51:25,-08:00,2025-02-07T21:51:25-08:00,0,63
projects\projects.js,3,js,5027e991,Zoey He,2025-02-01,19:30:07,-08:00,2025-02-01T19:30:07-08:00,0,0
projects\projects.js,4,js,dfe081c6,Zoey He,2025-02-07,21:51:25,-08:00,2025-02-07T21:51:25-08:00,0,29
projects\projects.js,5,js,dfe081c6,Zoey He,2025-02-07,21:51:25,-08:00,2025-02-07T21:51:25-08:00,2,23
projects\projects.js,6,js,dfe081c6,Zoey He,2025-02-07,21:51:25,-08:00,2025-02-07T21:51:25-08:00,2,55
projects\projects.js,7,js,5027e991,Zoey He,2025-02-01,19:30:07,-08:00,2025-02-01T19:30:07-08:00,0,0
projects\projects.js,8,js,dfe081c6,Zoey He,2025-02-07,21:51:25,-08:00,2025-02-07T21:51:25-08:00,2,39
projects\projects.js,9,js,dfe081c6,Zoey He,2025-02-07,21:51:25,-08:00,2025-02-07T21:51:25-08:00,2,60
projects\projects.js,10,js,dfe081c6,Zoey He,2025-02-07,21:51:25,-08:00,2025-02-07T21:51:25-08:00,2,62
projects\projects.js,11,js,dfe081c6,Zoey He,2025-02-07,21:51:25,-08:00,2025-02-07T21:51:25-08:00,2,55
projects\projects.js,12,js,5027e991,Zoey He,2025-02-01,19:30:07,-08:00,2025-02-01T19:30:07-08:00,0,0
projects\projects.js,13,js,dfe081c6,Zoey He,2025-02-07,21:51:25,-08:00,2025-02-07T21:51:25-08:00,2,22
projects\projects.js,14,js,dfe081c6,Zoey He,2025-02-07,21:51:25,-08:00,2025-02-07T21:51:25-08:00,2,18
projects\projects.js,15,js,dfe081c6,Zoey He,2025-02-07,21:51:25,-08:00,2025-02-07T21:51:25-08:00,4,56
projects\projects.js,16,js,dfe081c6,Zoey He,2025-02-07,21:51:25,-08:00,2025-02-07T21:51:25-08:00,2,0
projects\projects.js,17,js,5027e991,Zoey He,2025-02-01,19:30:07,-08:00,2025-02-01T19:30:07-08:00,0,0
projects\projects.js,18,js,dfe081c6,Zoey He,2025-02-07,21:51:25,-08:00,2025-02-07T21:51:25-08:00,2,34
projects\projects.js,19,js,dfe081c6,Zoey He,2025-02-07,21:51:25,-08:00,2025-02-07T21:51:25-08:00,2,48
projects\projects.js,20,js,dfe081c6,Zoey He,2025-02-07,21:51:25,-08:00,2025-02-07T21:51:25-08:00,2,44
projects\projects.js,21,js,dfe081c6,Zoey He,2025-02-07,21:51:25,-08:00,2025-02-07T21:51:25-08:00,0,0
projects\projects.js,22,js,dfe081c6,Zoey He,2025-02-07,21:51:25,-08:00,2025-02-07T21:51:25-08:00,2,33
projects\projects.js,23,js,dfe081c6,Zoey He,2025-02-07,21:51:25,-08:00,2025-02-07T21:51:25-08:00,2,48
projects\projects.js,24,js,dfe081c6,Zoey He,2025-02-07,21:51:25,-08:00,2025-02-07T21:51:25-08:00,4,70
projects\projects.js,25,js,dfe081c6,Zoey He,2025-02-07,21:51:25,-08:00,2025-02-07T21:51:25-08:00,0,0
projects\projects.js,26,js,dfe081c6,Zoey He,2025-02-07,21:51:25,-08:00,2025-02-07T21:51:25-08:00,4,51
projects\projects.js,27,js,dfe081c6,Zoey He,2025-02-07,21:51:25,-08:00,2025-02-07T21:51:25-08:00,6,59
projects\projects.js,28,js,dfe081c6,Zoey He,2025-02-07,21:51:25,-08:00,2025-02-07T21:51:25-08:00,6,28
projects\projects.js,29,js,dfe081c6,Zoey He,2025-02-07,21:51:25,-08:00,2025-02-07T21:51:25-08:00,4,1
projects\projects.js,30,js,dfe081c6,Zoey He,2025-02-07,21:51:25,-08:00,2025-02-07T21:51:25-08:00,0,0
projects\projects.js,31,js,dfe081c6,Zoey He,2025-02-07,21:51:25,-08:00,2025-02-07T21:51:25-08:00,4,51
projects\projects.js,32,js,dfe081c6,Zoey He,2025-02-07,21:51:25,-08:00,2025-02-07T21:51:25-08:00,4,56
projects\projects.js,33,js,dfe081c6,Zoey He,2025-02-07,21:51:25,-08:00,2025-02-07T21:51:25-08:00,4,31
projects\projects.js,34,js,dfe081c6,Zoey He,2025-02-07,21:51:25,-08:00,2025-02-07T21:51:25-08:00,2,1
projects\projects.js,35,js,dfe081c6,Zoey He,2025-02-07,21:51:25,-08:00,2025-02-07T21:51:25-08:00,0,0
projects\projects.js,36,js,dfe081c6,Zoey He,2025-02-07,21:51:25,-08:00,2025-02-07T21:51:25-08:00,0,0
projects\projects.js,37,js,dfe081c6,Zoey He,2025-02-07,21:51:25,-08:00,2025-02-07T21:51:25-08:00,0,41
projects\projects.js,38,js,dfe081c6,Zoey He,2025-02-07,21:51:25,-08:00,2025-02-07T21:51:25-08:00,0,38
projects\projects.js,39,js,dfe081c6,Zoey He,2025-02-07,21:51:25,-08:00,2025-02-07T21:51:25-08:00,2,49
projects\projects.js,40,js,dfe081c6,Zoey He,2025-02-07,21:51:25,-08:00,2025-02-07T21:51:25-08:00,0,0
projects\projects.js,41,js,dfe081c6,Zoey He,2025-02-07,21:51:25,-08:00,2025-02-07T21:51:25-08:00,2,38
projects\projects.js,42,js,dfe081c6,Zoey He,2025-02-07,21:51:25,-08:00,2025-02-07T21:51:25-08:00,2,26
projects\projects.js,43,js,dfe081c6,Zoey He,2025-02-07,21:51:25,-08:00,2025-02-07T21:51:25-08:00,4,12
projects\projects.js,44,js,dfe081c6,Zoey He,2025-02-07,21:51:25,-08:00,2025-02-07T21:51:25-08:00,4,14
projects\projects.js,45,js,dfe081c6,Zoey He,2025-02-07,21:51:25,-08:00,2025-02-07T21:51:25-08:00,4,11
projects\projects.js,46,js,dfe081c6,Zoey He,2025-02-07,21:51:25,-08:00,2025-02-07T21:51:25-08:00,2,0
projects\projects.js,47,js,dfe081c6,Zoey He,2025-02-07,21:51:25,-08:00,2025-02-07T21:51:25-08:00,0,0
projects\projects.js,48,js,dfe081c6,Zoey He,2025-02-07,21:51:25,-08:00,2025-02-07T21:51:25-08:00,2,42
projects\projects.js,49,js,dfe081c6,Zoey He,2025-02-07,21:51:25,-08:00,2025-02-07T21:51:25-08:00,2,45
projects\projects.js,50,js,dfe081c6,Zoey He,2025-02-07,21:51:25,-08:00,2025-02-07T21:51:25-08:00,4,11
projects\projects.js,51,js,dfe081c6,Zoey He,2025-02-07,21:51:25,-08:00,2025-02-07T21:51:25-08:00,4,9
projects\projects.js,52,js,dfe081c6,Zoey He,2025-02-07,21:51:25,-08:00,2025-02-07T21:51:25-08:00,2,2
projects\projects.js,53,js,dfe081c6,Zoey He,2025-02-07,21:51:25,-08:00,2025-02-07T21:51:25-08:00,0,0
projects\projects.js,54,js,dfe081c6,Zoey He,2025-02-07,21:51:25,-08:00,2025-02-07T21:51:25-08:00,2,51
projects\projects.js,55,js,dfe081c6,Zoey He,2025-02-07,21:51:25,-08:00,2025-02-07T21:51:25-08:00,2,47
projects\projects.js,56,js,dfe081c6,Zoey He,2025-02-07,21:51:25,-08:00,2025-02-07T21:51:25-08:00,2,50
projects\projects.js,57,js,dfe081c6,Zoey He,2025-02-07,21:51:25,-08:00,2025-02-07T21:51:25-08:00,2,57
projects\projects.js,58,js,dfe081c6,Zoey He,2025-02-07,21:51:25,-08:00,2025-02-07T21:51:25-08:00,0,0
projects\projects.js,59,js,dfe081c6,Zoey He,2025-02-07,21:51:25,-08:00,2025-02-07T21:51:25-08:00,2,53
projects\projects.js,60,js,dfe081c6,Zoey He,2025-02-07,21:51:25,-08:00,2025-02-07T21:51:25-08:00,2,39
projects\projects.js,61,js,dfe081c6,Zoey He,2025-02-07,21:51:25,-08:00,2025-02-07T21:51:25-08:00,2,32
projects\projects.js,62,js,dfe081c6,Zoey He,2025-02-07,21:51:25,-08:00,2025-02-07T21:51:25-08:00,0,0
projects\projects.js,63,js,dfe081c6,Zoey He,2025-02-07,21:51:25,-08:00,2025-02-07T21:51:25-08:00,2,32
projects\projects.js,64,js,dfe081c6,Zoey He,2025-02-07,21:51:25,-08:00,2025-02-07T21:51:25-08:00,2,30
projects\projects.js,65,js,dfe081c6,Zoey He,2025-02-07,21:51:25,-08:00,2025-02-07T21:51:25-08:00,0,0
projects\projects.js,66,js,dfe081c6,Zoey He,2025-02-07,21:51:25,-08:00,2025-02-07T21:51:25-08:00,2,33
projects\projects.js,67,js,dfe081c6,Zoey He,2025-02-07,21:51:25,-08:00,2025-02-07T21:51:25-08:00,2,33
projects\projects.js,68,js,dfe081c6,Zoey He,2025-02-07,21:51:25,-08:00,2025-02-07T21:51:25-08:00,2,45
projects\projects.js,69,js,dfe081c6,Zoey He,2025-02-07,21:51:25,-08:00,2025-02-07T21:51:25-08:00,0,0
projects\projects.js,70,js,dfe081c6,Zoey He,2025-02-07,21:51:25,-08:00,2025-02-07T21:51:25-08:00,2,26
projects\projects.js,71,js,dfe081c6,Zoey He,2025-02-07,21:51:25,-08:00,2025-02-07T21:51:25-08:00,4,30
projects\projects.js,72,js,dfe081c6,Zoey He,2025-02-07,21:51:25,-08:00,2025-02-07T21:51:25-08:00,6,13
projects\projects.js,73,js,dfe081c6,Zoey He,2025-02-07,21:51:25,-08:00,2025-02-07T21:51:25-08:00,6,24
projects\projects.js,74,js,dfe081c6,Zoey He,2025-02-07,21:51:25,-08:00,2025-02-07T21:51:25-08:00,6,67
projects\projects.js,75,js,dfe081c6,Zoey He,2025-02-07,21:51:25,-08:00,2025-02-07T21:51:25-08:00,6,24
projects\projects.js,76,js,dfe081c6,Zoey He,2025-02-07,21:51:25,-08:00,2025-02-07T21:51:25-08:00,8,51
projects\projects.js,77,js,dfe081c6,Zoey He,2025-02-07,21:51:25,-08:00,2025-02-07T21:51:25-08:00,2,0
projects\projects.js,78,js,dfe081c6,Zoey He,2025-02-07,21:51:25,-08:00,2025-02-07T21:51:25-08:00,8,33
projects\projects.js,79,js,dfe081c6,Zoey He,2025-02-07,21:51:25,-08:00,2025-02-07T21:51:25-08:00,8,46
projects\projects.js,80,js,dfe081c6,Zoey He,2025-02-07,21:51:25,-08:00,2025-02-07T21:51:25-08:00,2,0
projects\projects.js,81,js,dfe081c6,Zoey He,2025-02-07,21:51:25,-08:00,2025-02-07T21:51:25-08:00,8,16
projects\projects.js,82,js,dfe081c6,Zoey He,2025-02-07,21:51:25,-08:00,2025-02-07T21:51:25-08:00,10,45
projects\projects.js,83,js,dfe081c6,Zoey He,2025-02-07,21:51:25,-08:00,2025-02-07T21:51:25-08:00,10,40
projects\projects.js,84,js,dfe081c6,Zoey He,2025-02-07,21:51:25,-08:00,2025-02-07T21:51:25-08:00,10,18
projects\projects.js,85,js,dfe081c6,Zoey He,2025-02-07,21:51:25,-08:00,2025-02-07T21:51:25-08:00,2,0
projects\projects.js,86,js,dfe081c6,Zoey He,2025-02-07,21:51:25,-08:00,2025-02-07T21:51:25-08:00,10,41
projects\projects.js,87,js,dfe081c6,Zoey He,2025-02-07,21:51:25,-08:00,2025-02-07T21:51:25-08:00,10,33
projects\projects.js,88,js,dfe081c6,Zoey He,2025-02-07,21:51:25,-08:00,2025-02-07T21:51:25-08:00,10,72
projects\projects.js,89,js,dfe081c6,Zoey He,2025-02-07,21:51:25,-08:00,2025-02-07T21:51:25-08:00,10,74
projects\projects.js,90,js,dfe081c6,Zoey He,2025-02-07,21:51:25,-08:00,2025-02-07T21:51:25-08:00,8,6
projects\projects.js,91,js,dfe081c6,Zoey He,2025-02-07,21:51:25,-08:00,2025-02-07T21:51:25-08:00,10,52
projects\projects.js,92,js,dfe081c6,Zoey He,2025-02-07,21:51:25,-08:00,2025-02-07T21:51:25-08:00,10,17
projects\projects.js,93,js,dfe081c6,Zoey He,2025-02-07,21:51:25,-08:00,2025-02-07T21:51:25-08:00,10,71
projects\projects.js,94,js,dfe081c6,Zoey He,2025-02-07,21:51:25,-08:00,2025-02-07T21:51:25-08:00,8,0
projects\projects.js,95,js,dfe081c6,Zoey He,2025-02-07,21:51:25,-08:00,2025-02-07T21:51:25-08:00,2,0
projects\projects.js,96,js,dfe081c6,Zoey He,2025-02-07,21:51:25,-08:00,2025-02-07T21:51:25-08:00,8,31
projects\projects.js,97,js,dfe081c6,Zoey He,2025-02-07,21:51:25,-08:00,2025-02-07T21:51:25-08:00,8,52
projects\projects.js,98,js,dfe081c6,Zoey He,2025-02-07,21:51:25,-08:00,2025-02-07T21:51:25-08:00,8,16
projects\projects.js,99,js,dfe081c6,Zoey He,2025-02-07,21:51:25,-08:00,2025-02-07T21:51:25-08:00,10,73
projects\projects.js,100,js,dfe081c6,Zoey He,2025-02-07,21:51:25,-08:00,2025-02-07T21:51:25-08:00,8,0
projects\projects.js,101,js,dfe081c6,Zoey He,2025-02-07,21:51:25,-08:00,2025-02-07T21:51:25-08:00,6,1
projects\projects.js,102,js,dfe081c6,Zoey He,2025-02-07,21:51:25,-08:00,2025-02-07T21:51:25-08:00,2,1
projects\projects.js,103,js,dfe081c6,Zoey He,2025-02-07,21:51:25,-08:00,2025-02-07T21:51:25-08:00,2,0
projects\projects.js,104,js,dfe081c6,Zoey He,2025-02-07,21:51:25,-08:00,2025-02-07T21:51:25-08:00,0,0
projects\projects.js,105,js,dfe081c6,Zoey He,2025-02-07,21:51:25,-08:00,2025-02-07T21:51:25-08:00,2,30
projects\projects.js,106,js,dfe081c6,Zoey He,2025-02-07,21:51:25,-08:00,2025-02-07T21:51:25-08:00,2,24
projects\projects.js,107,js,dfe081c6,Zoey He,2025-02-07,21:51:25,-08:00,2025-02-07T21:51:25-08:00,4,17
projects\projects.js,108,js,dfe081c6,Zoey He,2025-02-07,21:51:25,-08:00,2025-02-07T21:51:25-08:00,7,38
projects\projects.js,109,js,dfe081c6,Zoey He,2025-02-07,21:51:25,-08:00,2025-02-07T21:51:25-08:00,7,69
projects\projects.js,110,js,dfe081c6,Zoey He,2025-02-07,21:51:25,-08:00,2025-02-07T21:51:25-08:00,2,1
projects\projects.js,111,js,dfe081c6,Zoey He,2025-02-07,21:51:25,-08:00,2025-02-07T21:51:25-08:00,0,0
projects\projects.js,112,js,dfe081c6,Zoey He,2025-02-07,21:51:25,-08:00,2025-02-07T21:51:25-08:00,0,0
projects\projects.js,113,js,dfe081c6,Zoey He,2025-02-07,21:51:25,-08:00,2025-02-07T21:51:25-08:00,0,51
projects\projects.js,114,js,dfe081c6,Zoey He,2025-02-07,21:51:25,-08:00,2025-02-07T21:51:25-08:00,0,13
projects\index.html,1,html,f34f0c95,Zoey He,2025-01-10,21:03:53,-08:00,2025-01-10T21:03:53-08:00,0,13
projects\index.html,2,html,f34f0c95,Zoey He,2025-01-10,21:03:53,-08:00,2025-01-10T21:03:53-08:00,0,14
projects\index.html,3,html,f34f0c95,Zoey He,2025-01-10,21:03:53,-08:00,2025-01-10T21:03:53-08:00,0,4
projects\index.html,4,html,f34f0c95,Zoey He,2025-01-10,21:03:53,-08:00,2025-01-10T21:03:53-08:00,2,20
projects\index.html,5,html,f34f0c95,Zoey He,2025-01-10,21:03:53,-08:00,2025-01-10T21:03:53-08:00,2,68
projects\index.html,6,html,f34f0c95,Zoey He,2025-01-10,21:03:53,-08:00,2025-01-10T21:03:53-08:00,2,21
projects\index.html,7,html,f34f0c95,Zoey He,2025-01-10,21:03:53,-08:00,2025-01-10T21:03:53-08:00,2,41
projects\index.html,8,html,f34f0c95,Zoey He,2025-01-10,21:03:53,-08:00,2025-01-10T21:03:53-08:00,0,5
projects\index.html,9,html,f34f0c95,Zoey He,2025-01-10,21:03:53,-08:00,2025-01-10T21:03:53-08:00,0,4
projects\index.html,10,html,dfe081c6,Zoey He,2025-02-07,21:51:25,-08:00,2025-02-07T21:51:25-08:00,0,0
projects\index.html,11,html,5027e991,Zoey He,2025-02-01,19:30:07,-08:00,2025-02-01T19:30:07-08:00,2,38
projects\index.html,12,html,dfe081c6,Zoey He,2025-02-07,21:51:25,-08:00,2025-02-07T21:51:25-08:00,0,0
projects\index.html,13,html,dfe081c6,Zoey He,2025-02-07,21:51:25,-08:00,2025-02-07T21:51:25-08:00,2,41
projects\index.html,14,html,dfe081c6,Zoey He,2025-02-07,21:51:25,-08:00,2025-02-07T21:51:25-08:00,2,27
projects\index.html,15,html,dfe081c6,Zoey He,2025-02-07,21:51:25,-08:00,2025-02-07T21:51:25-08:00,4,16
projects\index.html,16,html,dfe081c6,Zoey He,2025-02-07,21:51:25,-08:00,2025-02-07T21:51:25-08:00,4,54
projects\index.html,17,html,dfe081c6,Zoey He,2025-02-07,21:51:25,-08:00,2025-02-07T21:51:25-08:00,2,0
projects\index.html,18,html,dfe081c6,Zoey He,2025-02-07,21:51:25,-08:00,2025-02-07T21:51:25-08:00,4,13
projects\index.html,19,html,dfe081c6,Zoey He,2025-02-07,21:51:25,-08:00,2025-02-07T21:51:25-08:00,4,22
projects\index.html,20,html,dfe081c6,Zoey He,2025-02-07,21:51:25,-08:00,2025-02-07T21:51:25-08:00,2,0
projects\index.html,21,html,6876593e,Zoey He,2025-01-17,17:23:28,-08:00,2025-01-17T17:23:28-08:00,2,4
projects\index.html,22,html,dfe081c6,Zoey He,2025-02-07,21:51:25,-08:00,2025-02-07T21:51:25-08:00,2,100
projects\index.html,23,html,dfe081c6,Zoey He,2025-02-07,21:51:25,-08:00,2025-02-07T21:51:25-08:00,0,0
projects\index.html,24,html,dfe081c6,Zoey He,2025-02-07,21:51:25,-08:00,2025-02-07T21:51:25-08:00,2,20
projects\index.html,25,html,dfe081c6,Zoey He,2025-02-07,21:51:25,-08:00,2025-02-07T21:51:25-08:00,2,26
projects\index.html,26,html,dfe081c6,Zoey He,2025-02-07,21:51:25,-08:00,2025-02-07T21:51:25-08:00,0,0
projects\index.html,27,html,dfe081c6,Zoey He,2025-02-07,21:51:25,-08:00,2025-02-07T21:51:25-08:00,2,30
projects\index.html,28,html,1156776e,Zoey He,2025-01-24,00:46:03,-08:00,2025-01-24T00:46:03-08:00,2,48
projects\index.html,29,html,dfe081c6,Zoey He,2025-02-07,21:51:25,-08:00,2025-02-07T21:51:25-08:00,2,47
projects\index.html,30,html,6876593e,Zoey He,2025-01-17,17:23:28,-08:00,2025-01-17T17:23:28-08:00,0,0
projects\index.html,31,html,f34f0c95,Zoey He,2025-01-10,21:03:53,-08:00,2025-01-10T21:03:53-08:00,0,5
projects\index.html,32,html,dfe081c6,Zoey He,2025-02-07,21:51:25,-08:00,2025-02-07T21:51:25-08:00,0,5
contact\index.html,1,html,f34f0c95,Zoey He,2025-01-10,21:03:53,-08:00,2025-01-10T21:03:53-08:00,0,13
contact\index.html,2,html,f34f0c95,Zoey He,2025-01-10,21:03:53,-08:00,2025-01-10T21:03:53-08:00,0,14
contact\index.html,3,html,f34f0c95,Zoey He,2025-01-10,21:03:53,-08:00,2025-01-10T21:03:53-08:00,0,4
contact\index.html,4,html,f34f0c95,Zoey He,2025-01-10,21:03:53,-08:00,2025-01-10T21:03:53-08:00,2,20
contact\index.html,5,html,f34f0c95,Zoey He,2025-01-10,21:03:53,-08:00,2025-01-10T21:03:53-08:00,2,68
contact\index.html,6,html,f34f0c95,Zoey He,2025-01-10,21:03:53,-08:00,2025-01-10T21:03:53-08:00,2,20
contact\index.html,7,html,f34f0c95,Zoey He,2025-01-10,21:03:53,-08:00,2025-01-10T21:03:53-08:00,2,41
contact\index.html,8,html,f34f0c95,Zoey He,2025-01-10,21:03:53,-08:00,2025-01-10T21:03:53-08:00,0,5
contact\index.html,9,html,f34f0c95,Zoey He,2025-01-10,21:03:53,-08:00,2025-01-10T21:03:53-08:00,0,4
contact\index.html,10,html,f34f0c95,Zoey He,2025-01-10,21:03:53,-08:00,2025-01-10T21:03:53-08:00,0,0
contact\index.html,11,html,8f6fb784,Zoey He,2025-01-24,20:54:05,-08:00,2025-01-24T20:54:05-08:00,2,49
contact\index.html,12,html,6876593e,Zoey He,2025-01-17,17:23:28,-08:00,2025-01-17T17:23:28-08:00,4,27
contact\index.html,13,html,6876593e,Zoey He,2025-01-17,17:23:28,-08:00,2025-01-17T17:23:28-08:00,6,64
contact\index.html,14,html,6876593e,Zoey He,2025-01-17,17:23:28,-08:00,2025-01-17T17:23:28-08:00,4,6
contact\index.html,15,html,f34f0c95,Zoey He,2025-01-10,21:03:53,-08:00,2025-01-10T21:03:53-08:00,0,0
contact\index.html,16,html,6876593e,Zoey He,2025-01-17,17:23:28,-08:00,2025-01-17T17:23:28-08:00,4,24
contact\index.html,17,html,6876593e,Zoey He,2025-01-17,17:23:28,-08:00,2025-01-17T17:23:28-08:00,6,58
contact\index.html,18,html,6876593e,Zoey He,2025-01-17,17:23:28,-08:00,2025-01-17T17:23:28-08:00,4,6
contact\index.html,19,html,6876593e,Zoey He,2025-01-17,17:23:28,-08:00,2025-01-17T17:23:28-08:00,0,0
contact\index.html,20,html,6876593e,Zoey He,2025-01-17,17:23:28,-08:00,2025-01-17T17:23:28-08:00,4,19
contact\index.html,21,html,6876593e,Zoey He,2025-01-17,17:23:28,-08:00,2025-01-17T17:23:28-08:00,2,5
contact\index.html,22,html,1156776e,Zoey He,2025-01-24,00:46:03,-08:00,2025-01-24T00:46:03-08:00,0,0
contact\index.html,23,html,1156776e,Zoey He,2025-01-24,00:46:03,-08:00,2025-01-24T00:46:03-08:00,2,48
contact\index.html,24,html,f34f0c95,Zoey He,2025-01-10,21:03:53,-08:00,2025-01-10T21:03:53-08:00,0,5
contact\index.html,25,html,f34f0c95,Zoey He,2025-01-10,21:03:53,-08:00,2025-01-10T21:03:53-08:00,0,5
